/* 自动生成，勿手改：源文件 web/index.html */
static const char INDEX_HTML[] =
  "\x3c\x21\x64\x6f\x63\x74\x79\x70\x65\x20\x68\x74\x6d\x6c\x3e\x0a"
  "\x3c\x68\x74\x6d\x6c\x20\x6c\x61\x6e\x67\x3d\x22\x7a\x68\x2d\x43"
  "\x4e\x22\x3e\x0a\x3c\x68\x65\x61\x64\x3e\x0a\x3c\x6d\x65\x74\x61"
  "\x20\x63\x68\x61\x72\x73\x65\x74\x3d\x22\x75\x74\x66\x2d\x38\x22"
  "\x3e\x0a\x3c\x6d\x65\x74\x61\x20\x6e\x61\x6d\x65\x3d\x22\x76\x69"
  "\x65\x77\x70\x6f\x72\x74\x22\x20\x63\x6f\x6e\x74\x65\x6e\x74\x3d"
  "\x22\x77\x69\x64\x74\x68\x3d\x64\x65\x76\x69\x63\x65\x2d\x77\x69"
  "\x64\x74\x68\x2c\x69\x6e\x69\x74\x69\x61\x6c\x2d\x73\x63\x61\x6c"
  "\x65\x3d\x31\x22\x3e\x0a\x3c\x74\x69\x74\x6c\x65\x3e\x62\x69\x6c"
  "\x69\x2d\x73\x79\x6e\x63\x20\xe7\xae\xa1\xe5\xae\xb6\x3c\x2f\x74"
  "\x69\x74\x6c\x65\x3e\x0a\x3c\x73\x74\x79\x6c\x65\x3e\x0a\x20\x20"
  "\x3a\x72\x6f\x6f\x74\x7b\x0a\x20\x20\x20\x20\x2d\x2d\x62\x67\x3a"
  "\x23\x65\x65\x66\x31\x66\x34\x3b\x20\x2d\x2d\x63\x61\x72\x64\x3a"
  "\x72\x67\x62\x61\x28\x32\x35\x35\x2c\x32\x35\x35\x2c\x32\x35\x35"
  "\x2c\x2e\x37\x32\x29\x3b\x20\x2d\x2d\x6c\x69\x6e\x65\x3a\x23\x64"
  "\x66\x65\x33\x65\x38\x3b\x20\x2d\x2d\x69\x6e\x6b\x3a\x23\x32\x32"
  "\x32\x36\x32\x62\x3b\x0a\x20\x20\x20\x20\x2d\x2d\x64\x69\x6d\x3a"
  "\x23\x37\x31\x37\x39\x37\x66\x3b\x20\x2d\x2d\x61\x63\x63\x65\x6e"
  "\x74\x3a\x23\x33\x66\x36\x63\x39\x65\x3b\x20\x2d\x2d\x6f\x6b\x3a"
  "\x23\x32\x66\x36\x66\x35\x32\x3b\x20\x2d\x2d\x70\x61\x72\x74\x3a"
  "\x23\x38\x61\x36\x61\x31\x66\x3b\x20\x2d\x2d\x62\x61\x64\x3a\x23"
  "\x39\x64\x34\x35\x33\x63\x3b\x20\x2d\x2d\x6e\x6f\x6e\x65\x3a\x23"
  "\x38\x62\x39\x31\x39\x36\x3b\x0a\x20\x20\x7d\x0a\x20\x20\x2a\x7b"
  "\x62\x6f\x78\x2d\x73\x69\x7a\x69\x6e\x67\x3a\x62\x6f\x72\x64\x65"
  "\x72\x2d\x62\x6f\x78\x7d\x0a\x20\x20\x62\x6f\x64\x79\x7b\x0a\x20"
  "\x20\x20\x20\x6d\x61\x72\x67\x69\x6e\x3a\x30\x3b\x20\x70\x61\x64"
  "\x64\x69\x6e\x67\x3a\x32\x34\x70\x78\x20\x31\x38\x70\x78\x20\x38"
  "\x30\x70\x78\x3b\x20\x63\x6f\x6c\x6f\x72\x3a\x76\x61\x72\x28\x2d"
  "\x2d\x69\x6e\x6b\x29\x3b\x20\x62\x61\x63\x6b\x67\x72\x6f\x75\x6e"
  "\x64\x3a\x76\x61\x72\x28\x2d\x2d\x62\x67\x29\x3b\x0a\x20\x20\x20"
  "\x20\x66\x6f\x6e\x74\x3a\x31\x34\x70\x78\x2f\x31\x2e\x36\x20\x73"
  "\x79\x73\x74\x65\x6d\x2d\x75\x69\x2c\x2d\x61\x70\x70\x6c\x65\x2d"
  "\x73\x79\x73\x74\x65\x6d\x2c\x22\x53\x65\x67\x6f\x65\x20\x55\x49"
  "\x22\x2c\x22\x4e\x6f\x74\x6f\x20\x53\x61\x6e\x73\x20\x43\x4a\x4b"
  "\x20\x53\x43\x22\x2c\x73\x61\x6e\x73\x2d\x73\x65\x72\x69\x66\x3b"
  "\x0a\x20\x20\x7d\x0a\x20\x20\x2e\x77\x72\x61\x70\x7b\x6d\x61\x78"
  "\x2d\x77\x69\x64\x74\x68\x3a\x31\x30\x38\x30\x70\x78\x3b\x6d\x61"
  "\x72\x67\x69\x6e\x3a\x30\x20\x61\x75\x74\x6f\x7d\x0a\x20\x20\x68"
  "\x65\x61\x64\x65\x72\x7b\x64\x69\x73\x70\x6c\x61\x79\x3a\x66\x6c"
  "\x65\x78\x3b\x61\x6c\x69\x67\x6e\x2d\x69\x74\x65\x6d\x73\x3a\x62"
  "\x61\x73\x65\x6c\x69\x6e\x65\x3b\x67\x61\x70\x3a\x31\x34\x70\x78"
  "\x3b\x66\x6c\x65\x78\x2d\x77\x72\x61\x70\x3a\x77\x72\x61\x70\x3b"
  "\x6d\x61\x72\x67\x69\x6e\x2d\x62\x6f\x74\x74\x6f\x6d\x3a\x36\x70"
  "\x78\x7d\x0a\x20\x20\x68\x31\x7b\x66\x6f\x6e\x74\x2d\x73\x69\x7a"
  "\x65\x3a\x31\x37\x70\x78\x3b\x66\x6f\x6e\x74\x2d\x77\x65\x69\x67"
  "\x68\x74\x3a\x36\x30\x30\x3b\x6d\x61\x72\x67\x69\x6e\x3a\x30\x3b"
  "\x6c\x65\x74\x74\x65\x72\x2d\x73\x70\x61\x63\x69\x6e\x67\x3a\x2e"
  "\x30\x32\x65\x6d\x7d\x0a\x20\x20\x2e\x73\x75\x62\x7b\x63\x6f\x6c"
  "\x6f\x72\x3a\x76\x61\x72\x28\x2d\x2d\x64\x69\x6d\x29\x3b\x66\x6f"
  "\x6e\x74\x2d\x73\x69\x7a\x65\x3a\x31\x32\x2e\x35\x70\x78\x7d\x0a"
  "\x20\x20\x2e\x62\x61\x6e\x6e\x65\x72\x7b\x0a\x20\x20\x20\x20\x64"
  "\x69\x73\x70\x6c\x61\x79\x3a\x66\x6c\x65\x78\x3b\x67\x61\x70\x3a"
  "\x31\x30\x70\x78\x3b\x61\x6c\x69\x67\x6e\x2d\x69\x74\x65\x6d\x73"
  "\x3a\x63\x65\x6e\x74\x65\x72\x3b\x66\x6c\x65\x78\x2d\x77\x72\x61"
  "\x70\x3a\x77\x72\x61\x70\x3b\x0a\x20\x20\x20\x20\x6d\x61\x72\x67"
  "\x69\x6e\x3a\x31\x30\x70\x78\x20\x30\x20\x30\x3b\x70\x61\x64\x64"
  "\x69\x6e\x67\x3a\x37\x70\x78\x20\x31\x32\x70\x78\x3b\x62\x6f\x72"
  "\x64\x65\x72\x3a\x31\x70\x78\x20\x73\x6f\x6c\x69\x64\x20\x76\x61"
  "\x72\x28\x2d\x2d\x6c\x69\x6e\x65\x29\x3b\x62\x6f\x72\x64\x65\x72"
  "\x2d\x72\x61\x64\x69\x75\x73\x3a\x39\x70\x78\x3b\x0a\x20\x20\x20"
  "\x20\x62\x61\x63\x6b\x67\x72\x6f\x75\x6e\x64\x3a\x72\x67\x62\x61"
  "\x28\x32\x35\x35\x2c\x32\x35\x35\x2c\x32\x35\x35\x2c\x2e\x36\x29"
  "\x3b\x63\x6f\x6c\x6f\x72\x3a\x76\x61\x72\x28\x2d\x2d\x64\x69\x6d"
  "\x29\x3b\x66\x6f\x6e\x74\x2d\x73\x69\x7a\x65\x3a\x31\x32\x2e\x35"
  "\x70\x78\x3b\x0a\x20\x20\x7d\x0a\x20\x20\x2e\x62\x61\x6e\x6e\x65"
  "\x72\x2e\x77\x61\x72\x6e\x7b\x62\x61\x63\x6b\x67\x72\x6f\x75\x6e"
  "\x64\x3a\x23\x66\x62\x65\x65\x65\x63\x3b\x62\x6f\x72\x64\x65\x72"
  "\x2d\x63\x6f\x6c\x6f\x72\x3a\x23\x64\x39\x62\x33\x61\x65\x3b\x63"
  "\x6f\x6c\x6f\x72\x3a\x76\x61\x72\x28\x2d\x2d\x62\x61\x64\x29\x7d"
  "\x0a\x20\x20\x6e\x61\x76\x2e\x74\x61\x62\x73\x7b\x64\x69\x73\x70"
  "\x6c\x61\x79\x3a\x66\x6c\x65\x78\x3b\x67\x61\x70\x3a\x36\x70\x78"
  "\x3b\x6d\x61\x72\x67\x69\x6e\x3a\x31\x36\x70\x78\x20\x30\x20\x31"
  "\x34\x70\x78\x7d\x0a\x20\x20\x6e\x61\x76\x2e\x74\x61\x62\x73\x20"
  "\x62\x75\x74\x74\x6f\x6e\x7b\x0a\x20\x20\x20\x20\x62\x6f\x72\x64"
  "\x65\x72\x3a\x31\x70\x78\x20\x73\x6f\x6c\x69\x64\x20\x76\x61\x72"
  "\x28\x2d\x2d\x6c\x69\x6e\x65\x29\x3b\x62\x61\x63\x6b\x67\x72\x6f"
  "\x75\x6e\x64\x3a\x74\x72\x61\x6e\x73\x70\x61\x72\x65\x6e\x74\x3b"
  "\x63\x6f\x6c\x6f\x72\x3a\x76\x61\x72\x28\x2d\x2d\x64\x69\x6d\x29"
  "\x3b\x0a\x20\x20\x20\x20\x70\x61\x64\x64\x69\x6e\x67\x3a\x36\x70"
  "\x78\x20\x31\x34\x70\x78\x3b\x62\x6f\x72\x64\x65\x72\x2d\x72\x61"
  "\x64\x69\x75\x73\x3a\x38\x70\x78\x3b\x63\x75\x72\x73\x6f\x72\x3a"
  "\x70\x6f\x69\x6e\x74\x65\x72\x3b\x66\x6f\x6e\x74\x2d\x73\x69\x7a"
  "\x65\x3a\x31\x33\x70\x78\x3b\x0a\x20\x20\x7d\x0a\x20\x20\x6e\x61"
  "\x76\x2e\x74\x61\x62\x73\x20\x62\x75\x74\x74\x6f\x6e\x2e\x6f\x6e"
  "\x7b\x62\x61\x63\x6b\x67\x72\x6f\x75\x6e\x64\x3a\x72\x67\x62\x61"
  "\x28\x32\x35\x35\x2c\x32\x35\x35\x2c\x32\x35\x35\x2c\x2e\x38\x35"
  "\x29\x3b\x63\x6f\x6c\x6f\x72\x3a\x76\x61\x72\x28\x2d\x2d\x69\x6e"
  "\x6b\x29\x3b\x62\x6f\x72\x64\x65\x72\x2d\x63\x6f\x6c\x6f\x72\x3a"
  "\x23\x63\x64\x64\x34\x64\x62\x7d\x0a\x20\x20\x2e\x62\x61\x72\x7b"
  "\x0a\x20\x20\x20\x20\x64\x69\x73\x70\x6c\x61\x79\x3a\x66\x6c\x65"
  "\x78\x3b\x67\x61\x70\x3a\x38\x70\x78\x3b\x61\x6c\x69\x67\x6e\x2d"
  "\x69\x74\x65\x6d\x73\x3a\x63\x65\x6e\x74\x65\x72\x3b\x66\x6c\x65"
  "\x78\x2d\x77\x72\x61\x70\x3a\x77\x72\x61\x70\x3b\x0a\x20\x20\x20"
  "\x20\x62\x61\x63\x6b\x67\x72\x6f\x75\x6e\x64\x3a\x76\x61\x72\x28"
  "\x2d\x2d\x63\x61\x72\x64\x29\x3b\x62\x6f\x72\x64\x65\x72\x3a\x31"
  "\x70\x78\x20\x73\x6f\x6c\x69\x64\x20\x76\x61\x72\x28\x2d\x2d\x6c"
  "\x69\x6e\x65\x29\x3b\x62\x6f\x72\x64\x65\x72\x2d\x72\x61\x64\x69"
  "\x75\x73\x3a\x31\x30\x70\x78\x3b\x0a\x20\x20\x20\x20\x70\x61\x64"
  "\x64\x69\x6e\x67\x3a\x31\x30\x70\x78\x20\x31\x32\x70\x78\x3b\x6d"
  "\x61\x72\x67\x69\x6e\x2d\x62\x6f\x74\x74\x6f\x6d\x3a\x31\x32\x70"
  "\x78\x3b\x0a\x20\x20\x7d\x0a\x20\x20\x73\x65\x6c\x65\x63\x74\x2c"
  "\x69\x6e\x70\x75\x74\x5b\x74\x79\x70\x65\x3d\x74\x65\x78\x74\x5d"
  "\x7b\x0a\x20\x20\x20\x20\x66\x6f\x6e\x74\x3a\x69\x6e\x68\x65\x72"
  "\x69\x74\x3b\x63\x6f\x6c\x6f\x72\x3a\x69\x6e\x68\x65\x72\x69\x74"
  "\x3b\x70\x61\x64\x64\x69\x6e\x67\x3a\x35\x70\x78\x20\x39\x70\x78"
  "\x3b\x62\x6f\x72\x64\x65\x72\x3a\x31\x70\x78\x20\x73\x6f\x6c\x69"
  "\x64\x20\x76\x61\x72\x28\x2d\x2d\x6c\x69\x6e\x65\x29\x3b\x0a\x20"
  "\x20\x20\x20\x62\x6f\x72\x64\x65\x72\x2d\x72\x61\x64\x69\x75\x73"
  "\x3a\x37\x70\x78\x3b\x62\x61\x63\x6b\x67\x72\x6f\x75\x6e\x64\x3a"
  "\x72\x67\x62\x61\x28\x32\x35\x35\x2c\x32\x35\x35\x2c\x32\x35\x35"
  "\x2c\x2e\x38\x35\x29\x3b\x0a\x20\x20\x7d\x0a\x20\x20\x69\x6e\x70"
  "\x75\x74\x5b\x74\x79\x70\x65\x3d\x74\x65\x78\x74\x5d\x7b\x6d\x69"
  "\x6e\x2d\x77\x69\x64\x74\x68\x3a\x32\x30\x30\x70\x78\x3b\x66\x6c"
  "\x65\x78\x3a\x31\x7d\x0a\x20\x20\x2e\x63\x68\x69\x70\x73\x7b\x64"
  "\x69\x73\x70\x6c\x61\x79\x3a\x66\x6c\x65\x78\x3b\x67\x61\x70\x3a"
  "\x34\x70\x78\x7d\x0a\x20\x20\x2e\x63\x68\x69\x70\x73\x20\x62\x75"
  "\x74\x74\x6f\x6e\x7b\x0a\x20\x20\x20\x20\x62\x6f\x72\x64\x65\x72"
  "\x3a\x31\x70\x78\x20\x73\x6f\x6c\x69\x64\x20\x74\x72\x61\x6e\x73"
  "\x70\x61\x72\x65\x6e\x74\x3b\x62\x61\x63\x6b\x67\x72\x6f\x75\x6e"
  "\x64\x3a\x74\x72\x61\x6e\x73\x70\x61\x72\x65\x6e\x74\x3b\x63\x6f"
  "\x6c\x6f\x72\x3a\x76\x61\x72\x28\x2d\x2d\x64\x69\x6d\x29\x3b\x0a"
  "\x20\x20\x20\x20\x70\x61\x64\x64\x69\x6e\x67\x3a\x34\x70\x78\x20"
  "\x31\x30\x70\x78\x3b\x62\x6f\x72\x64\x65\x72\x2d\x72\x61\x64\x69"
  "\x75\x73\x3a\x37\x70\x78\x3b\x63\x75\x72\x73\x6f\x72\x3a\x70\x6f"
  "\x69\x6e\x74\x65\x72\x3b\x66\x6f\x6e\x74\x2d\x73\x69\x7a\x65\x3a"
  "\x31\x32\x2e\x35\x70\x78\x3b\x0a\x20\x20\x7d\x0a\x20\x20\x2e\x63"
  "\x68\x69\x70\x73\x20\x62\x75\x74\x74\x6f\x6e\x2e\x6f\x6e\x7b\x62"
  "\x61\x63\x6b\x67\x72\x6f\x75\x6e\x64\x3a\x23\x65\x37\x65\x63\x66"
  "\x31\x3b\x63\x6f\x6c\x6f\x72\x3a\x76\x61\x72\x28\x2d\x2d\x69\x6e"
  "\x6b\x29\x3b\x62\x6f\x72\x64\x65\x72\x2d\x63\x6f\x6c\x6f\x72\x3a"
  "\x23\x64\x33\x64\x61\x65\x31\x7d\x0a\x20\x20\x2e\x63\x68\x69\x70"
  "\x73\x20\x62\x75\x74\x74\x6f\x6e\x20\x62\x7b\x66\x6f\x6e\x74\x2d"
  "\x77\x65\x69\x67\x68\x74\x3a\x36\x30\x30\x3b\x63\x6f\x6c\x6f\x72"
  "\x3a\x23\x34\x63\x35\x34\x35\x61\x7d\x0a\x20\x20\x2e\x67\x72\x6f"
  "\x77\x7b\x66\x6c\x65\x78\x3a\x31\x7d\x0a\x20\x20\x2e\x68\x65\x6c"
  "\x70\x7b\x0a\x20\x20\x20\x20\x70\x6f\x73\x69\x74\x69\x6f\x6e\x3a"
  "\x72\x65\x6c\x61\x74\x69\x76\x65\x3b\x64\x69\x73\x70\x6c\x61\x79"
  "\x3a\x69\x6e\x6c\x69\x6e\x65\x2d\x66\x6c\x65\x78\x3b\x61\x6c\x69"
  "\x67\x6e\x2d\x69\x74\x65\x6d\x73\x3a\x63\x65\x6e\x74\x65\x72\x3b"
  "\x6a\x75\x73\x74\x69\x66\x79\x2d\x63\x6f\x6e\x74\x65\x6e\x74\x3a"
  "\x63\x65\x6e\x74\x65\x72\x3b\x0a\x20\x20\x20\x20\x77\x69\x64\x74"
  "\x68\x3a\x31\x37\x70\x78\x3b\x68\x65\x69\x67\x68\x74\x3a\x31\x37"
  "\x70\x78\x3b\x62\x6f\x72\x64\x65\x72\x2d\x72\x61\x64\x69\x75\x73"
  "\x3a\x35\x30\x25\x3b\x62\x6f\x72\x64\x65\x72\x3a\x31\x70\x78\x20"
  "\x73\x6f\x6c\x69\x64\x20\x23\x63\x39\x64\x31\x64\x39\x3b\x63\x6f"
  "\x6c\x6f\x72\x3a\x76\x61\x72\x28\x2d\x2d\x64\x69\x6d\x29\x3b\x0a"
  "\x20\x20\x20\x20\x66\x6f\x6e\x74\x2d\x73\x69\x7a\x65\x3a\x31\x31"
  "\x2e\x35\x70\x78\x3b\x6c\x69\x6e\x65\x2d\x68\x65\x69\x67\x68\x74"
  "\x3a\x31\x3b\x63\x75\x72\x73\x6f\x72\x3a\x68\x65\x6c\x70\x3b\x75"
  "\x73\x65\x72\x2d\x73\x65\x6c\x65\x63\x74\x3a\x6e\x6f\x6e\x65\x3b"
  "\x66\x6c\x65\x78\x3a\x6e\x6f\x6e\x65\x3b\x0a\x20\x20\x7d\x0a\x20"
  "\x20\x2e\x68\x65\x6c\x70\x20\x2e\x74\x69\x70\x7b\x0a\x20\x20\x20"
  "\x20\x70\x6f\x73\x69\x74\x69\x6f\x6e\x3a\x61\x62\x73\x6f\x6c\x75"
  "\x74\x65\x3b\x74\x6f\x70\x3a\x32\x33\x70\x78\x3b\x6c\x65\x66\x74"
  "\x3a\x35\x30\x25\x3b\x74\x72\x61\x6e\x73\x66\x6f\x72\x6d\x3a\x74"
  "\x72\x61\x6e\x73\x6c\x61\x74\x65\x58\x28\x2d\x35\x30\x25\x29\x3b"
  "\x7a\x2d\x69\x6e\x64\x65\x78\x3a\x39\x3b\x64\x69\x73\x70\x6c\x61"
  "\x79\x3a\x6e\x6f\x6e\x65\x3b\x0a\x20\x20\x20\x20\x77\x69\x64\x74"
  "\x68\x3a\x6d\x69\x6e\x28\x33\x38\x30\x70\x78\x2c\x38\x38\x76\x77"
  "\x29\x3b\x70\x61\x64\x64\x69\x6e\x67\x3a\x31\x30\x70\x78\x20\x31"
  "\x32\x70\x78\x3b\x62\x6f\x72\x64\x65\x72\x3a\x31\x70\x78\x20\x73"
  "\x6f\x6c\x69\x64\x20\x76\x61\x72\x28\x2d\x2d\x6c\x69\x6e\x65\x29"
  "\x3b\x62\x6f\x72\x64\x65\x72\x2d\x72\x61\x64\x69\x75\x73\x3a\x39"
  "\x70\x78\x3b\x0a\x20\x20\x20\x20\x62\x61\x63\x6b\x67\x72\x6f\x75"
  "\x6e\x64\x3a\x72\x67\x62\x61\x28\x32\x35\x35\x2c\x32\x35\x35\x2c"
  "\x32\x35\x35\x2c\x2e\x39\x38\x29\x3b\x62\x6f\x78\x2d\x73\x68\x61"
  "\x64\x6f\x77\x3a\x30\x20\x38\x70\x78\x20\x32\x32\x70\x78\x20\x72"
  "\x67\x62\x61\x28\x32\x30\x2c\x33\x30\x2c\x34\x30\x2c\x2e\x31\x33"
  "\x29\x3b\x0a\x20\x20\x20\x20\x63\x6f\x6c\x6f\x72\x3a\x76\x61\x72"
  "\x28\x2d\x2d\x69\x6e\x6b\x29\x3b\x66\x6f\x6e\x74\x2d\x73\x69\x7a"
  "\x65\x3a\x31\x32\x2e\x35\x70\x78\x3b\x6c\x69\x6e\x65\x2d\x68\x65"
  "\x69\x67\x68\x74\x3a\x31\x2e\x36\x3b\x74\x65\x78\x74\x2d\x61\x6c"
  "\x69\x67\x6e\x3a\x6c\x65\x66\x74\x3b\x77\x68\x69\x74\x65\x2d\x73"
  "\x70\x61\x63\x65\x3a\x6e\x6f\x72\x6d\x61\x6c\x3b\x63\x75\x72\x73"
  "\x6f\x72\x3a\x64\x65\x66\x61\x75\x6c\x74\x3b\x0a\x20\x20\x7d\x0a"
  "\x20\x20\x2e\x68\x65\x6c\x70\x3a\x68\x6f\x76\x65\x72\x20\x2e\x74"
  "\x69\x70\x2c\x2e\x68\x65\x6c\x70\x3a\x66\x6f\x63\x75\x73\x20\x2e"
  "\x74\x69\x70\x7b\x64\x69\x73\x70\x6c\x61\x79\x3a\x62\x6c\x6f\x63"
  "\x6b\x7d\x0a\x20\x20\x2e\x74\x69\x70\x20\x2e\x74\x2d\x6c\x65\x61"
  "\x64\x7b\x63\x6f\x6c\x6f\x72\x3a\x76\x61\x72\x28\x2d\x2d\x64\x69"
  "\x6d\x29\x3b\x6d\x61\x72\x67\x69\x6e\x2d\x62\x6f\x74\x74\x6f\x6d"
  "\x3a\x36\x70\x78\x7d\x0a\x20\x20\x2e\x74\x69\x70\x20\x2e\x74\x2d"
  "\x72\x6f\x77\x7b\x64\x69\x73\x70\x6c\x61\x79\x3a\x66\x6c\x65\x78"
  "\x3b\x67\x61\x70\x3a\x38\x70\x78\x3b\x6d\x61\x72\x67\x69\x6e\x2d"
  "\x74\x6f\x70\x3a\x33\x70\x78\x7d\x0a\x20\x20\x2e\x74\x69\x70\x20"
  "\x2e\x74\x2d\x72\x6f\x77\x20\x2e\x6b\x7b\x66\x6c\x65\x78\x3a\x6e"
  "\x6f\x6e\x65\x3b\x77\x69\x64\x74\x68\x3a\x36\x32\x70\x78\x3b\x63"
  "\x6f\x6c\x6f\x72\x3a\x76\x61\x72\x28\x2d\x2d\x64\x69\x6d\x29\x7d"
  "\x0a\x20\x20\x2e\x74\x69\x70\x20\x2e\x74\x2d\x72\x6f\x77\x20\x2e"
  "\x6b\x2e\x68\x69\x7b\x63\x6f\x6c\x6f\x72\x3a\x76\x61\x72\x28\x2d"
  "\x2d\x69\x6e\x6b\x29\x7d\x0a\x20\x20\x62\x75\x74\x74\x6f\x6e\x2e"
  "\x64\x61\x6e\x67\x65\x72\x7b\x0a\x20\x20\x20\x20\x62\x6f\x72\x64"
  "\x65\x72\x3a\x31\x70\x78\x20\x73\x6f\x6c\x69\x64\x20\x23\x64\x39"
  "\x62\x33\x61\x65\x3b\x62\x61\x63\x6b\x67\x72\x6f\x75\x6e\x64\x3a"
  "\x23\x66\x62\x65\x65\x65\x63\x3b\x63\x6f\x6c\x6f\x72\x3a\x76\x61"
  "\x72\x28\x2d\x2d\x62\x61\x64\x29\x3b\x0a\x20\x20\x20\x20\x70\x61"
  "\x64\x64\x69\x6e\x67\x3a\x35\x70\x78\x20\x31\x34\x70\x78\x3b\x62"
  "\x6f\x72\x64\x65\x72\x2d\x72\x61\x64\x69\x75\x73\x3a\x37\x70\x78"
  "\x3b\x63\x75\x72\x73\x6f\x72\x3a\x70\x6f\x69\x6e\x74\x65\x72\x3b"
  "\x66\x6f\x6e\x74\x2d\x73\x69\x7a\x65\x3a\x31\x33\x70\x78\x3b\x0a"
  "\x20\x20\x7d\x0a\x20\x20\x62\x75\x74\x74\x6f\x6e\x2e\x64\x61\x6e"
  "\x67\x65\x72\x3a\x64\x69\x73\x61\x62\x6c\x65\x64\x7b\x6f\x70\x61"
  "\x63\x69\x74\x79\x3a\x2e\x34\x35\x3b\x63\x75\x72\x73\x6f\x72\x3a"
  "\x64\x65\x66\x61\x75\x6c\x74\x7d\x0a\x20\x20\x62\x75\x74\x74\x6f"
  "\x6e\x2e\x70\x6c\x61\x69\x6e\x7b\x0a\x20\x20\x20\x20\x62\x6f\x72"
  "\x64\x65\x72\x3a\x31\x70\x78\x20\x73\x6f\x6c\x69\x64\x20\x76\x61"
  "\x72\x28\x2d\x2d\x6c\x69\x6e\x65\x29\x3b\x62\x61\x63\x6b\x67\x72"
  "\x6f\x75\x6e\x64\x3a\x72\x67\x62\x61\x28\x32\x35\x35\x2c\x32\x35"
  "\x35\x2c\x32\x35\x35\x2c\x2e\x38\x35\x29\x3b\x63\x6f\x6c\x6f\x72"
  "\x3a\x76\x61\x72\x28\x2d\x2d\x69\x6e\x6b\x29\x3b\x0a\x20\x20\x20"
  "\x20\x70\x61\x64\x64\x69\x6e\x67\x3a\x35\x70\x78\x20\x31\x32\x70"
  "\x78\x3b\x62\x6f\x72\x64\x65\x72\x2d\x72\x61\x64\x69\x75\x73\x3a"
  "\x37\x70\x78\x3b\x63\x75\x72\x73\x6f\x72\x3a\x70\x6f\x69\x6e\x74"
  "\x65\x72\x3b\x66\x6f\x6e\x74\x2d\x73\x69\x7a\x65\x3a\x31\x33\x70"
  "\x78\x3b\x0a\x20\x20\x7d\x0a\x20\x20\x62\x75\x74\x74\x6f\x6e\x2e"
  "\x70\x6c\x61\x69\x6e\x3a\x64\x69\x73\x61\x62\x6c\x65\x64\x7b\x6f"
  "\x70\x61\x63\x69\x74\x79\x3a\x2e\x34\x35\x3b\x63\x75\x72\x73\x6f"
  "\x72\x3a\x64\x65\x66\x61\x75\x6c\x74\x7d\x0a\x20\x20\x2e\x6c\x69"
  "\x73\x74\x7b\x62\x6f\x72\x64\x65\x72\x3a\x31\x70\x78\x20\x73\x6f"
  "\x6c\x69\x64\x20\x76\x61\x72\x28\x2d\x2d\x6c\x69\x6e\x65\x29\x3b"
  "\x62\x6f\x72\x64\x65\x72\x2d\x72\x61\x64\x69\x75\x73\x3a\x31\x30"
  "\x70\x78\x3b\x62\x61\x63\x6b\x67\x72\x6f\x75\x6e\x64\x3a\x76\x61"
  "\x72\x28\x2d\x2d\x63\x61\x72\x64\x29\x3b\x6f\x76\x65\x72\x66\x6c"
  "\x6f\x77\x3a\x68\x69\x64\x64\x65\x6e\x7d\x0a\x20\x20\x2e\x72\x6f"
  "\x77\x7b\x0a\x20\x20\x20\x20\x64\x69\x73\x70\x6c\x61\x79\x3a\x66"
  "\x6c\x65\x78\x3b\x67\x61\x70\x3a\x31\x30\x70\x78\x3b\x61\x6c\x69"
  "\x67\x6e\x2d\x69\x74\x65\x6d\x73\x3a\x66\x6c\x65\x78\x2d\x73\x74"
  "\x61\x72\x74\x3b\x70\x61\x64\x64\x69\x6e\x67\x3a\x39\x70\x78\x20"
  "\x31\x32\x70\x78\x3b\x62\x6f\x72\x64\x65\x72\x2d\x74\x6f\x70\x3a"
  "\x31\x70\x78\x20\x73\x6f\x6c\x69\x64\x20\x23\x65\x61\x65\x65\x66"
  "\x32\x3b\x0a\x20\x20\x7d\x0a\x20\x20\x2e\x72\x6f\x77\x3a\x66\x69"
  "\x72\x73\x74\x2d\x63\x68\x69\x6c\x64\x7b\x62\x6f\x72\x64\x65\x72"
  "\x2d\x74\x6f\x70\x3a\x30\x7d\x0a\x20\x20\x2e\x70\x69\x6c\x6c\x7b"
  "\x0a\x20\x20\x20\x20\x66\x6c\x65\x78\x3a\x6e\x6f\x6e\x65\x3b\x66"
  "\x6f\x6e\x74\x2d\x73\x69\x7a\x65\x3a\x31\x31\x2e\x35\x70\x78\x3b"
  "\x70\x61\x64\x64\x69\x6e\x67\x3a\x31\x70\x78\x20\x38\x70\x78\x3b"
  "\x62\x6f\x72\x64\x65\x72\x2d\x72\x61\x64\x69\x75\x73\x3a\x39\x39"
  "\x70\x78\x3b\x62\x6f\x72\x64\x65\x72\x3a\x31\x70\x78\x20\x73\x6f"
  "\x6c\x69\x64\x3b\x0a\x20\x20\x20\x20\x6d\x61\x72\x67\x69\x6e\x2d"
  "\x74\x6f\x70\x3a\x32\x70\x78\x3b\x77\x68\x69\x74\x65\x2d\x73\x70"
  "\x61\x63\x65\x3a\x6e\x6f\x77\x72\x61\x70\x3b\x0a\x20\x20\x7d\x0a"
  "\x20\x20\x2e\x73\x2d\x65\x78\x69\x73\x74\x73\x7b\x63\x6f\x6c\x6f"
  "\x72\x3a\x76\x61\x72\x28\x2d\x2d\x6f\x6b\x29\x3b\x62\x6f\x72\x64"
  "\x65\x72\x2d\x63\x6f\x6c\x6f\x72\x3a\x23\x62\x63\x64\x36\x63\x39"
  "\x3b\x62\x61\x63\x6b\x67\x72\x6f\x75\x6e\x64\x3a\x23\x65\x65\x66"
  "\x36\x66\x31\x7d\x0a\x20\x20\x2e\x73\x2d\x70\x61\x72\x74\x69\x61"
  "\x6c\x7b\x63\x6f\x6c\x6f\x72\x3a\x76\x61\x72\x28\x2d\x2d\x70\x61"
  "\x72\x74\x29\x3b\x62\x6f\x72\x64\x65\x72\x2d\x63\x6f\x6c\x6f\x72"
  "\x3a\x23\x64\x64\x64\x30\x61\x62\x3b\x62\x61\x63\x6b\x67\x72\x6f"
  "\x75\x6e\x64\x3a\x23\x66\x38\x66\x34\x65\x38\x7d\x0a\x20\x20\x2e"
  "\x73\x2d\x6d\x69\x73\x73\x69\x6e\x67\x7b\x63\x6f\x6c\x6f\x72\x3a"
  "\x76\x61\x72\x28\x2d\x2d\x62\x61\x64\x29\x3b\x62\x6f\x72\x64\x65"
  "\x72\x2d\x63\x6f\x6c\x6f\x72\x3a\x23\x64\x64\x63\x30\x62\x63\x3b"
  "\x62\x61\x63\x6b\x67\x72\x6f\x75\x6e\x64\x3a\x23\x66\x61\x65\x65"
  "\x65\x63\x7d\x0a\x20\x20\x2e\x73\x2d\x6e\x6f\x70\x61\x67\x65\x73"
  "\x7b\x63\x6f\x6c\x6f\x72\x3a\x76\x61\x72\x28\x2d\x2d\x6e\x6f\x6e"
  "\x65\x29\x3b\x62\x6f\x72\x64\x65\x72\x2d\x63\x6f\x6c\x6f\x72\x3a"
  "\x23\x64\x36\x64\x61\x64\x65\x3b\x62\x61\x63\x6b\x67\x72\x6f\x75"
  "\x6e\x64\x3a\x23\x66\x32\x66\x34\x66\x36\x7d\x0a\x20\x20\x2e\x73"
  "\x2d\x75\x6e\x64\x6f\x77\x6e\x6c\x6f\x61\x64\x65\x64\x7b\x63\x6f"
  "\x6c\x6f\x72\x3a\x23\x35\x61\x36\x62\x38\x30\x3b\x62\x6f\x72\x64"
  "\x65\x72\x2d\x63\x6f\x6c\x6f\x72\x3a\x23\x63\x62\x64\x36\x65\x32"
  "\x3b\x62\x61\x63\x6b\x67\x72\x6f\x75\x6e\x64\x3a\x23\x65\x66\x66"
  "\x33\x66\x38\x7d\x0a\x20\x20\x2e\x6d\x61\x69\x6e\x7b\x66\x6c\x65"
  "\x78\x3a\x31\x3b\x6d\x69\x6e\x2d\x77\x69\x64\x74\x68\x3a\x30\x7d"
  "\x0a\x20\x20\x2e\x74\x69\x74\x6c\x65\x7b\x66\x6f\x6e\x74\x2d\x77"
  "\x65\x69\x67\x68\x74\x3a\x35\x30\x30\x3b\x77\x6f\x72\x64\x2d\x62"
  "\x72\x65\x61\x6b\x3a\x62\x72\x65\x61\x6b\x2d\x77\x6f\x72\x64\x7d"
  "\x0a\x20\x20\x2e\x6d\x65\x74\x61\x7b\x63\x6f\x6c\x6f\x72\x3a\x76"
  "\x61\x72\x28\x2d\x2d\x64\x69\x6d\x29\x3b\x66\x6f\x6e\x74\x2d\x73"
  "\x69\x7a\x65\x3a\x31\x32\x70\x78\x3b\x6d\x61\x72\x67\x69\x6e\x2d"
  "\x74\x6f\x70\x3a\x32\x70\x78\x3b\x77\x6f\x72\x64\x2d\x62\x72\x65"
  "\x61\x6b\x3a\x62\x72\x65\x61\x6b\x2d\x61\x6c\x6c\x7d\x0a\x20\x20"
  "\x2e\x72\x69\x67\x68\x74\x7b\x66\x6c\x65\x78\x3a\x6e\x6f\x6e\x65"
  "\x3b\x63\x6f\x6c\x6f\x72\x3a\x76\x61\x72\x28\x2d\x2d\x64\x69\x6d"
  "\x29\x3b\x66\x6f\x6e\x74\x2d\x73\x69\x7a\x65\x3a\x31\x32\x70\x78"
  "\x3b\x74\x65\x78\x74\x2d\x61\x6c\x69\x67\x6e\x3a\x72\x69\x67\x68"
  "\x74\x3b\x77\x68\x69\x74\x65\x2d\x73\x70\x61\x63\x65\x3a\x6e\x6f"
  "\x77\x72\x61\x70\x7d\x0a\x20\x20\x2e\x67\x68\x6f\x73\x74\x7b\x63"
  "\x6f\x6c\x6f\x72\x3a\x23\x61\x33\x61\x39\x61\x65\x3b\x66\x6f\x6e"
  "\x74\x2d\x73\x69\x7a\x65\x3a\x31\x32\x70\x78\x7d\x0a\x20\x20\x2e"
  "\x74\x61\x67\x7b\x0a\x20\x20\x20\x20\x64\x69\x73\x70\x6c\x61\x79"
  "\x3a\x69\x6e\x6c\x69\x6e\x65\x2d\x62\x6c\x6f\x63\x6b\x3b\x66\x6f"
  "\x6e\x74\x2d\x73\x69\x7a\x65\x3a\x31\x31\x70\x78\x3b\x70\x61\x64"
  "\x64\x69\x6e\x67\x3a\x30\x20\x36\x70\x78\x3b\x62\x6f\x72\x64\x65"
  "\x72\x2d\x72\x61\x64\x69\x75\x73\x3a\x35\x70\x78\x3b\x0a\x20\x20"
  "\x20\x20\x62\x6f\x72\x64\x65\x72\x3a\x31\x70\x78\x20\x73\x6f\x6c"
  "\x69\x64\x20\x23\x64\x36\x64\x61\x64\x65\x3b\x62\x61\x63\x6b\x67"
  "\x72\x6f\x75\x6e\x64\x3a\x23\x66\x32\x66\x34\x66\x36\x3b\x63\x6f"
  "\x6c\x6f\x72\x3a\x76\x61\x72\x28\x2d\x2d\x6e\x6f\x6e\x65\x29\x3b"
  "\x6d\x61\x72\x67\x69\x6e\x2d\x6c\x65\x66\x74\x3a\x36\x70\x78\x3b"
  "\x0a\x20\x20\x7d\x0a\x20\x20\x2e\x67\x72\x6f\x75\x70\x2d\x68\x65"
  "\x61\x64\x7b\x0a\x20\x20\x20\x20\x64\x69\x73\x70\x6c\x61\x79\x3a"
  "\x66\x6c\x65\x78\x3b\x67\x61\x70\x3a\x31\x30\x70\x78\x3b\x61\x6c"
  "\x69\x67\x6e\x2d\x69\x74\x65\x6d\x73\x3a\x63\x65\x6e\x74\x65\x72"
  "\x3b\x70\x61\x64\x64\x69\x6e\x67\x3a\x38\x70\x78\x20\x31\x32\x70"
  "\x78\x3b\x0a\x20\x20\x20\x20\x62\x61\x63\x6b\x67\x72\x6f\x75\x6e"
  "\x64\x3a\x72\x67\x62\x61\x28\x32\x34\x30\x2c\x32\x34\x33\x2c\x32"
  "\x34\x36\x2c\x2e\x39\x29\x3b\x62\x6f\x72\x64\x65\x72\x2d\x74\x6f"
  "\x70\x3a\x31\x70\x78\x20\x73\x6f\x6c\x69\x64\x20\x23\x65\x34\x65"
  "\x39\x65\x65\x3b\x0a\x20\x20\x20\x20\x66\x6f\x6e\x74\x2d\x73\x69"
  "\x7a\x65\x3a\x31\x32\x2e\x35\x70\x78\x3b\x63\x6f\x6c\x6f\x72\x3a"
  "\x23\x34\x63\x35\x34\x35\x61\x3b\x0a\x20\x20\x7d\x0a\x20\x20\x2e"
  "\x67\x72\x6f\x75\x70\x2d\x68\x65\x61\x64\x3a\x66\x69\x72\x73\x74"
  "\x2d\x63\x68\x69\x6c\x64\x7b\x62\x6f\x72\x64\x65\x72\x2d\x74\x6f"
  "\x70\x3a\x30\x7d\x0a\x20\x20\x2e\x67\x72\x6f\x75\x70\x2d\x68\x65"
  "\x61\x64\x20\x2e\x67\x2d\x6e\x61\x6d\x65\x7b\x66\x6f\x6e\x74\x2d"
  "\x77\x65\x69\x67\x68\x74\x3a\x35\x30\x30\x3b\x63\x6f\x6c\x6f\x72"
  "\x3a\x76\x61\x72\x28\x2d\x2d\x69\x6e\x6b\x29\x7d\x0a\x20\x20\x2e"
  "\x65\x6d\x70\x74\x79\x7b\x70\x61\x64\x64\x69\x6e\x67\x3a\x32\x32"
  "\x70\x78\x20\x31\x32\x70\x78\x3b\x63\x6f\x6c\x6f\x72\x3a\x76\x61"
  "\x72\x28\x2d\x2d\x64\x69\x6d\x29\x3b\x74\x65\x78\x74\x2d\x61\x6c"
  "\x69\x67\x6e\x3a\x63\x65\x6e\x74\x65\x72\x7d\x0a\x20\x20\x6c\x61"
  "\x62\x65\x6c\x2e\x63\x62\x7b\x64\x69\x73\x70\x6c\x61\x79\x3a\x66"
  "\x6c\x65\x78\x3b\x61\x6c\x69\x67\x6e\x2d\x69\x74\x65\x6d\x73\x3a"
  "\x63\x65\x6e\x74\x65\x72\x3b\x67\x61\x70\x3a\x36\x70\x78\x3b\x63"
  "\x75\x72\x73\x6f\x72\x3a\x70\x6f\x69\x6e\x74\x65\x72\x3b\x66\x6c"
  "\x65\x78\x3a\x6e\x6f\x6e\x65\x7d\x0a\x20\x20\x2e\x66\x6f\x6f\x74"
  "\x7b\x0a\x20\x20\x20\x20\x70\x6f\x73\x69\x74\x69\x6f\x6e\x3a\x66"
  "\x69\x78\x65\x64\x3b\x6c\x65\x66\x74\x3a\x30\x3b\x72\x69\x67\x68"
  "\x74\x3a\x30\x3b\x62\x6f\x74\x74\x6f\x6d\x3a\x30\x3b\x62\x6f\x72"
  "\x64\x65\x72\x2d\x74\x6f\x70\x3a\x31\x70\x78\x20\x73\x6f\x6c\x69"
  "\x64\x20\x76\x61\x72\x28\x2d\x2d\x6c\x69\x6e\x65\x29\x3b\x0a\x20"
  "\x20\x20\x20\x62\x61\x63\x6b\x67\x72\x6f\x75\x6e\x64\x3a\x72\x67"
  "\x62\x61\x28\x32\x34\x38\x2c\x32\x35\x30\x2c\x32\x35\x31\x2c\x2e"
  "\x39\x34\x29\x3b\x62\x61\x63\x6b\x64\x72\x6f\x70\x2d\x66\x69\x6c"
  "\x74\x65\x72\x3a\x73\x61\x74\x75\x72\x61\x74\x65\x28\x31\x36\x30"
  "\x25\x29\x20\x62\x6c\x75\x72\x28\x38\x70\x78\x29\x3b\x0a\x20\x20"
  "\x20\x20\x70\x61\x64\x64\x69\x6e\x67\x3a\x31\x30\x70\x78\x20\x31"
  "\x38\x70\x78\x3b\x64\x69\x73\x70\x6c\x61\x79\x3a\x66\x6c\x65\x78"
  "\x3b\x67\x61\x70\x3a\x31\x30\x70\x78\x3b\x61\x6c\x69\x67\x6e\x2d"
  "\x69\x74\x65\x6d\x73\x3a\x63\x65\x6e\x74\x65\x72\x3b\x6a\x75\x73"
  "\x74\x69\x66\x79\x2d\x63\x6f\x6e\x74\x65\x6e\x74\x3a\x66\x6c\x65"
  "\x78\x2d\x65\x6e\x64\x3b\x0a\x20\x20\x7d\x0a\x20\x20\x2e\x66\x6f"
  "\x6f\x74\x20\x2e\x69\x6e\x66\x6f\x7b\x6d\x61\x72\x67\x69\x6e\x2d"
  "\x72\x69\x67\x68\x74\x3a\x61\x75\x74\x6f\x3b\x63\x6f\x6c\x6f\x72"
  "\x3a\x76\x61\x72\x28\x2d\x2d\x64\x69\x6d\x29\x3b\x66\x6f\x6e\x74"
  "\x2d\x73\x69\x7a\x65\x3a\x31\x32\x2e\x35\x70\x78\x7d\x0a\x20\x20"
  "\x2e\x66\x6f\x6f\x74\x20\x2e\x67\x72\x70\x7b\x64\x69\x73\x70\x6c"
  "\x61\x79\x3a\x66\x6c\x65\x78\x3b\x67\x61\x70\x3a\x31\x30\x70\x78"
  "\x7d\x0a\x20\x20\x2e\x65\x72\x72\x7b\x63\x6f\x6c\x6f\x72\x3a\x76"
  "\x61\x72\x28\x2d\x2d\x62\x61\x64\x29\x7d\x0a\x20\x20\x5b\x68\x69"
  "\x64\x64\x65\x6e\x5d\x7b\x64\x69\x73\x70\x6c\x61\x79\x3a\x6e\x6f"
  "\x6e\x65\x20\x21\x69\x6d\x70\x6f\x72\x74\x61\x6e\x74\x7d\x0a\x3c"
  "\x2f\x73\x74\x79\x6c\x65\x3e\x0a\x3c\x2f\x68\x65\x61\x64\x3e\x0a"
  "\x3c\x62\x6f\x64\x79\x3e\x0a\x3c\x64\x69\x76\x20\x63\x6c\x61\x73"
  "\x73\x3d\x22\x77\x72\x61\x70\x22\x3e\x0a\x20\x20\x3c\x68\x65\x61"
  "\x64\x65\x72\x3e\x0a\x20\x20\x20\x20\x3c\x68\x31\x3e\x62\x69\x6c"
  "\x69\x2d\x73\x79\x6e\x63\x20\xe7\xae\xa1\xe5\xae\xb6\x3c\x2f\x68"
  "\x31\x3e\x0a\x20\x20\x20\x20\x3c\x64\x69\x76\x20\x63\x6c\x61\x73"
  "\x73\x3d\x22\x73\x75\x62\x22\x20\x69\x64\x3d\x22\x73\x75\x6d\x6d"
  "\x61\x72\x79\x22\x3e\xe8\xaf\xbb\xe5\x8f\x96\xe4\xb8\xad\xe2\x80"
  "\xa6\x3c\x2f\x64\x69\x76\x3e\x0a\x20\x20\x3c\x2f\x68\x65\x61\x64"
  "\x65\x72\x3e\x0a\x0a\x20\x20\x3c\x64\x69\x76\x20\x63\x6c\x61\x73"
  "\x73\x3d\x22\x62\x61\x6e\x6e\x65\x72\x22\x20\x69\x64\x3d\x22\x62"
  "\x61\x6e\x6e\x65\x72\x22\x20\x68\x69\x64\x64\x65\x6e\x3e\x0a\x20"
  "\x20\x20\x20\x3c\x73\x70\x61\x6e\x20\x69\x64\x3d\x22\x62\x61\x6e"
  "\x6e\x65\x72\x2d\x74\x65\x78\x74\x22\x3e\x3c\x2f\x73\x70\x61\x6e"
  "\x3e\x0a\x20\x20\x20\x20\x3c\x73\x70\x61\x6e\x20\x63\x6c\x61\x73"
  "\x73\x3d\x22\x67\x72\x6f\x77\x22\x3e\x3c\x2f\x73\x70\x61\x6e\x3e"
  "\x0a\x20\x20\x20\x20\x3c\x62\x75\x74\x74\x6f\x6e\x20\x63\x6c\x61"
  "\x73\x73\x3d\x22\x70\x6c\x61\x69\x6e\x22\x20\x69\x64\x3d\x22\x62"
  "\x74\x6e\x2d\x72\x65\x6c\x65\x61\x73\x65\x22\x20\x68\x69\x64\x64"
  "\x65\x6e\x3e\xe6\x81\xa2\xe5\xa4\x8d\xe8\xa2\xab\xe5\x81\x9c\xe7"
  "\x94\xa8\xe7\x9a\x84\xe6\xba\x90\x3c\x2f\x62\x75\x74\x74\x6f\x6e"
  "\x3e\x0a\x20\x20\x3c\x2f\x64\x69\x76\x3e\x0a\x0a\x20\x20\x3c\x6e"
  "\x61\x76\x20\x63\x6c\x61\x73\x73\x3d\x22\x74\x61\x62\x73\x22\x3e"
  "\x0a\x20\x20\x20\x20\x3c\x62\x75\x74\x74\x6f\x6e\x20\x64\x61\x74"
  "\x61\x2d\x74\x61\x62\x3d\x22\x72\x65\x63\x22\x20\x63\x6c\x61\x73"
  "\x73\x3d\x22\x6f\x6e\x22\x3e\xe8\xa7\x86\xe9\xa2\x91\xe6\xb8\x85"
  "\xe5\x8d\x95\x3c\x2f\x62\x75\x74\x74\x6f\x6e\x3e\x0a\x20\x20\x20"
  "\x20\x3c\x62\x75\x74\x74\x6f\x6e\x20\x64\x61\x74\x61\x2d\x74\x61"
  "\x62\x3d\x22\x6c\x6f\x63\x22\x3e\xe6\x9c\xac\xe5\x9c\xb0\xe6\x96"
  "\x87\xe4\xbb\xb6\x3c\x2f\x62\x75\x74\x74\x6f\x6e\x3e\x0a\x20\x20"
  "\x20\x20\x3c\x62\x75\x74\x74\x6f\x6e\x20\x64\x61\x74\x61\x2d\x74"
  "\x61\x62\x3d\x22\x64\x6c\x22\x3e\xe4\xb8\x8b\xe8\xbd\xbd\xe5\x88"
  "\x97\xe8\xa1\xa8\x3c\x2f\x62\x75\x74\x74\x6f\x6e\x3e\x0a\x20\x20"
  "\x3c\x2f\x6e\x61\x76\x3e\x0a\x0a\x20\x20\x3c\x73\x65\x63\x74\x69"
  "\x6f\x6e\x20\x69\x64\x3d\x22\x74\x61\x62\x2d\x72\x65\x63\x22\x3e"
  "\x0a\x20\x20\x20\x20\x3c\x64\x69\x76\x20\x63\x6c\x61\x73\x73\x3d"
  "\x22\x62\x61\x72\x22\x3e\x0a\x20\x20\x20\x20\x20\x20\x3c\x73\x65"
  "\x6c\x65\x63\x74\x20\x69\x64\x3d\x22\x66\x2d\x67\x72\x6f\x75\x70"
  "\x22\x3e\x3c\x2f\x73\x65\x6c\x65\x63\x74\x3e\x0a\x20\x20\x20\x20"
  "\x20\x20\x3c\x69\x6e\x70\x75\x74\x20\x74\x79\x70\x65\x3d\x22\x74"
  "\x65\x78\x74\x22\x20\x69\x64\x3d\x22\x66\x2d\x71\x22\x20\x70\x6c"
  "\x61\x63\x65\x68\x6f\x6c\x64\x65\x72\x3d\x22\xe6\x90\x9c\xe6\xa0"
  "\x87\xe9\xa2\x98\x20\x2f\x20\x55\x50\x20\x2f\x20\x42\x56\x20\xe5"
  "\x8f\xb7\x20\x2f\x20\xe8\xb7\xaf\xe5\xbe\x84\x22\x3e\x0a\x20\x20"
  "\x20\x20\x20\x20\x3c\x73\x70\x61\x6e\x20\x63\x6c\x61\x73\x73\x3d"
  "\x22\x68\x65\x6c\x70\x22\x20\x74\x61\x62\x69\x6e\x64\x65\x78\x3d"
  "\x22\x30\x22\x20\x61\x72\x69\x61\x2d\x6c\x61\x62\x65\x6c\x3d\x22"
  "\xe4\xba\x94\xe6\xa1\xa3\xe5\x88\xa4\xe6\x8d\xae\x22\x3e\x3f\x3c"
  "\x73\x70\x61\x6e\x20\x63\x6c\x61\x73\x73\x3d\x22\x74\x69\x70\x22"
  "\x3e\x0a\x20\x20\x20\x20\x20\x20\x20\x20\x3c\x64\x69\x76\x20\x63"
  "\x6c\x61\x73\x73\x3d\x22\x74\x2d\x6c\x65\x61\x64\x22\x3e\xe5\x88"
  "\xa4\xe6\x8d\xae\xe5\x8f\xaa\xe7\x9c\x8b\xe8\xbf\x99\xe4\xb8\x80"
  "\xe6\x9d\xa1\xe7\x9a\x84\xe5\x88\x86\xe9\xa1\xb5\xe6\x96\x87\xe4"
  "\xbb\xb6\xef\xbc\x88\x3c\x63\x6f\x64\x65\x3e\x70\x61\x67\x65\x2e"
  "\x70\x61\x74\x68\x3c\x2f\x63\x6f\x64\x65\x3e\x20\xe6\x8c\x87\xe5"
  "\x90\x91\xe7\x9a\x84\x20\x6d\x70\x34\xef\xbc\x89\xe5\x9c\xa8\xe4"
  "\xb8\x8d\xe5\x9c\xa8\xe7\xa3\x81\xe7\x9b\x98\xe4\xb8\x8a\xe3\x80"
  "\x82\xe5\xa4\x9a\x20\x50\x20\xe8\xa7\x86\xe9\xa2\x91\xe6\x8c\x89"
  "\xe5\x88\x86\xe9\xa1\xb5\xe8\x81\x9a\xe5\x90\x88\xe3\x80\x82\x3c"
  "\x2f\x64\x69\x76\x3e\x0a\x20\x20\x20\x20\x20\x20\x20\x20\x3c\x64"
  "\x69\x76\x20\x63\x6c\x61\x73\x73\x3d\x22\x74\x2d\x72\x6f\x77\x22"
  "\x3e\x3c\x73\x70\x61\x6e\x20\x63\x6c\x61\x73\x73\x3d\x22\x6b\x20"
  "\x68\x69\x22\x3e\xe5\xad\x98\xe5\x9c\xa8\x3c\x2f\x73\x70\x61\x6e"
  "\x3e\x3c\x73\x70\x61\x6e\x3e\xe6\x89\x80\xe6\x9c\x89\xe5\x88\x86"
  "\xe9\xa1\xb5\xe7\x9a\x84\xe6\x96\x87\xe4\xbb\xb6\xe9\x83\xbd\xe5"
  "\x9c\xa8\x3c\x2f\x73\x70\x61\x6e\x3e\x3c\x2f\x64\x69\x76\x3e\x0a"
  "\x20\x20\x20\x20\x20\x20\x20\x20\x3c\x64\x69\x76\x20\x63\x6c\x61"
  "\x73\x73\x3d\x22\x74\x2d\x72\x6f\x77\x22\x3e\x3c\x73\x70\x61\x6e"
  "\x20\x63\x6c\x61\x73\x73\x3d\x22\x6b\x22\x3e\xe9\x83\xa8\xe5\x88"
  "\x86\x3c\x2f\x73\x70\x61\x6e\x3e\x3c\x73\x70\x61\x6e\x3e\xe6\x9c"
  "\x89\xe7\x9a\x84\xe5\x9c\xa8\xe6\x9c\x89\xe7\x9a\x84\xe4\xb8\x8d"
  "\xe5\x9c\xa8\xef\xbc\x8c\xe6\x88\x96\xe8\x80\x85\xe6\x9c\x89\xe5"
  "\x88\x86\xe9\xa1\xb5\xe8\xbf\x98\xe6\xb2\xa1\xe8\x90\xbd\xe7\x9b"
  "\x98\x3c\x2f\x73\x70\x61\x6e\x3e\x3c\x2f\x64\x69\x76\x3e\x0a\x20"
  "\x20\x20\x20\x20\x20\x20\x20\x3c\x64\x69\x76\x20\x63\x6c\x61\x73"
  "\x73\x3d\x22\x74\x2d\x72\x6f\x77\x22\x3e\x3c\x73\x70\x61\x6e\x20"
  "\x63\x6c\x61\x73\x73\x3d\x22\x6b\x22\x3e\xe4\xb8\x8d\xe5\xad\x98"
  "\xe5\x9c\xa8\x3c\x2f\x73\x70\x61\x6e\x3e\x3c\x73\x70\x61\x6e\x3e"
  "\xe4\xb8\x8b\xe8\xbf\x87\xef\xbc\x88\xe6\x9c\x89\xe8\x90\xbd\xe7"
  "\x9b\x98\xe8\xb7\xaf\xe5\xbe\x84\xef\xbc\x89\xef\xbc\x8c\xe4\xbd"
  "\x86\xe6\x96\x87\xe4\xbb\xb6\xe4\xb8\x80\xe4\xb8\xaa\xe9\x83\xbd"
  "\xe6\xb2\xa1\xe4\xba\x86\x3c\x2f\x73\x70\x61\x6e\x3e\x3c\x2f\x64"
  "\x69\x76\x3e\x0a\x20\x20\x20\x20\x20\x20\x20\x20\x3c\x64\x69\x76"
  "\x20\x63\x6c\x61\x73\x73\x3d\x22\x74\x2d\x72\x6f\x77\x22\x3e\x3c"
  "\x73\x70\x61\x6e\x20\x63\x6c\x61\x73\x73\x3d\x22\x6b\x22\x3e\xe6"
  "\x9c\xaa\xe4\xb8\x8b\xe8\xbd\xbd\x3c\x2f\x73\x70\x61\x6e\x3e\x3c"
  "\x73\x70\x61\x6e\x3e\xe6\x9c\x89\xe5\x88\x86\xe9\xa1\xb5\xe8\xa1"
  "\x8c\xef\xbc\x8c\xe4\xbd\x86\xe9\x83\xbd\xe6\xb2\xa1\xe6\x9c\x89"
  "\xe8\x90\xbd\xe7\x9b\x98\xe8\xb7\xaf\xe5\xbe\x84\x20\xe2\x80\x94"
  "\xe2\x80\x94\x20\xe4\xbb\x8e\xe6\xb2\xa1\xe4\xb8\x8b\xe8\xbf\x87"
  "\x3c\x2f\x73\x70\x61\x6e\x3e\x3c\x2f\x64\x69\x76\x3e\x0a\x20\x20"
  "\x20\x20\x20\x20\x20\x20\x3c\x64\x69\x76\x20\x63\x6c\x61\x73\x73"
  "\x3d\x22\x74\x2d\x72\x6f\x77\x22\x3e\x3c\x73\x70\x61\x6e\x20\x63"
  "\x6c\x61\x73\x73\x3d\x22\x6b\x22\x3e\xe6\x97\xa0\xe5\x88\x86\xe9"
  "\xa1\xb5\x3c\x2f\x73\x70\x61\x6e\x3e\x3c\x73\x70\x61\x6e\x3e\x3c"
  "\x63\x6f\x64\x65\x3e\x70\x61\x67\x65\x3c\x2f\x63\x6f\x64\x65\x3e"
  "\x20\xe8\xa1\xa8\xe9\x87\x8c\xe6\xb2\xa1\xe6\x9c\x89\xe5\xae\x83"
  "\xe7\x9a\x84\xe8\xa1\x8c\x3c\x2f\x73\x70\x61\x6e\x3e\x3c\x2f\x64"
  "\x69\x76\x3e\x0a\x20\x20\x20\x20\x20\x20\x3c\x2f\x73\x70\x61\x6e"
  "\x3e\x3c\x2f\x73\x70\x61\x6e\x3e\x0a\x20\x20\x20\x20\x20\x20\x3c"
  "\x73\x70\x61\x6e\x20\x63\x6c\x61\x73\x73\x3d\x22\x63\x68\x69\x70"
  "\x73\x22\x20\x69\x64\x3d\x22\x66\x2d\x73\x74\x61\x74\x75\x73\x22"
  "\x3e\x0a\x20\x20\x20\x20\x20\x20\x20\x20\x3c\x62\x75\x74\x74\x6f"
  "\x6e\x20\x64\x61\x74\x61\x2d\x73\x3d\x22\x22\x20\x63\x6c\x61\x73"
  "\x73\x3d\x22\x6f\x6e\x22\x3e\xe5\x85\xa8\xe9\x83\xa8\x3c\x2f\x62"
  "\x75\x74\x74\x6f\x6e\x3e\x0a\x20\x20\x20\x20\x20\x20\x20\x20\x3c"
  "\x62\x75\x74\x74\x6f\x6e\x20\x64\x61\x74\x61\x2d\x73\x3d\x22\x65"
  "\x78\x69\x73\x74\x73\x22\x3e\xe5\xad\x98\xe5\x9c\xa8\x3c\x2f\x62"
  "\x75\x74\x74\x6f\x6e\x3e\x0a\x20\x20\x20\x20\x20\x20\x20\x20\x3c"
  "\x62\x75\x74\x74\x6f\x6e\x20\x64\x61\x74\x61\x2d\x73\x3d\x22\x70"
  "\x61\x72\x74\x69\x61\x6c\x22\x3e\xe9\x83\xa8\xe5\x88\x86\x3c\x2f"
  "\x62\x75\x74\x74\x6f\x6e\x3e\x0a\x20\x20\x20\x20\x20\x20\x20\x20"
  "\x3c\x62\x75\x74\x74\x6f\x6e\x20\x64\x61\x74\x61\x2d\x73\x3d\x22"
  "\x6d\x69\x73\x73\x69\x6e\x67\x22\x3e\xe4\xb8\x8d\xe5\xad\x98\xe5"
  "\x9c\xa8\x3c\x2f\x62\x75\x74\x74\x6f\x6e\x3e\x0a\x20\x20\x20\x20"
  "\x20\x20\x20\x20\x3c\x62\x75\x74\x74\x6f\x6e\x20\x64\x61\x74\x61"
  "\x2d\x73\x3d\x22\x75\x6e\x64\x6f\x77\x6e\x6c\x6f\x61\x64\x65\x64"
  "\x22\x3e\xe6\x9c\xaa\xe4\xb8\x8b\xe8\xbd\xbd\x3c\x2f\x62\x75\x74"
  "\x74\x6f\x6e\x3e\x0a\x20\x20\x20\x20\x20\x20\x20\x20\x3c\x62\x75"
  "\x74\x74\x6f\x6e\x20\x64\x61\x74\x61\x2d\x73\x3d\x22\x6e\x6f\x70"
  "\x61\x67\x65\x73\x22\x3e\xe6\x97\xa0\xe5\x88\x86\xe9\xa1\xb5\x3c"
  "\x2f\x62\x75\x74\x74\x6f\x6e\x3e\x0a\x20\x20\x20\x20\x20\x20\x3c"
  "\x2f\x73\x70\x61\x6e\x3e\x0a\x20\x20\x20\x20\x20\x20\x3c\x73\x70"
  "\x61\x6e\x20\x63\x6c\x61\x73\x73\x3d\x22\x67\x72\x6f\x77\x22\x3e"
  "\x3c\x2f\x73\x70\x61\x6e\x3e\x0a\x20\x20\x20\x20\x20\x20\x3c\x62"
  "\x75\x74\x74\x6f\x6e\x20\x63\x6c\x61\x73\x73\x3d\x22\x70\x6c\x61"
  "\x69\x6e\x22\x20\x69\x64\x3d\x22\x62\x74\x6e\x2d\x72\x65\x63\x2d"
  "\x72\x65\x6c\x6f\x61\x64\x22\x3e\xe9\x87\x8d\xe6\x96\xb0\xe6\x89"
  "\xab\xe6\x8f\x8f\x3c\x2f\x62\x75\x74\x74\x6f\x6e\x3e\x0a\x20\x20"
  "\x20\x20\x3c\x2f\x64\x69\x76\x3e\x0a\x20\x20\x20\x20\x3c\x64\x69"
  "\x76\x20\x63\x6c\x61\x73\x73\x3d\x22\x6c\x69\x73\x74\x22\x20\x69"
  "\x64\x3d\x22\x72\x65\x63\x2d\x6c\x69\x73\x74\x22\x3e\x3c\x64\x69"
  "\x76\x20\x63\x6c\x61\x73\x73\x3d\x22\x65\x6d\x70\x74\x79\x22\x3e"
  "\xe8\xaf\xbb\xe5\x8f\x96\xe4\xb8\xad\xe2\x80\xa6\x3c\x2f\x64\x69"
  "\x76\x3e\x3c\x2f\x64\x69\x76\x3e\x0a\x20\x20\x3c\x2f\x73\x65\x63"
  "\x74\x69\x6f\x6e\x3e\x0a\x0a\x20\x20\x3c\x73\x65\x63\x74\x69\x6f"
  "\x6e\x20\x69\x64\x3d\x22\x74\x61\x62\x2d\x6c\x6f\x63\x22\x20\x68"
  "\x69\x64\x64\x65\x6e\x3e\x0a\x20\x20\x20\x20\x3c\x64\x69\x76\x20"
  "\x63\x6c\x61\x73\x73\x3d\x22\x62\x61\x72\x22\x3e\x0a\x20\x20\x20"
  "\x20\x20\x20\x3c\x6c\x61\x62\x65\x6c\x20\x63\x6c\x61\x73\x73\x3d"
  "\x22\x63\x62\x22\x3e\x3c\x69\x6e\x70\x75\x74\x20\x74\x79\x70\x65"
  "\x3d\x22\x63\x68\x65\x63\x6b\x62\x6f\x78\x22\x20\x69\x64\x3d\x22"
  "\x73\x65\x6c\x2d\x61\x6c\x6c\x22\x3e\x20\xe5\x85\xa8\xe9\x80\x89"
  "\x3c\x2f\x6c\x61\x62\x65\x6c\x3e\x0a\x20\x20\x20\x20\x20\x20\x3c"
  "\x62\x75\x74\x74\x6f\x6e\x20\x63\x6c\x61\x73\x73\x3d\x22\x70\x6c"
  "\x61\x69\x6e\x22\x20\x69\x64\x3d\x22\x62\x74\x6e\x2d\x72\x65\x6c"
  "\x6f\x61\x64\x22\x3e\xe9\x87\x8d\xe6\x96\xb0\xe6\x89\xab\xe6\x8f"
  "\x8f\xe6\x96\x87\xe4\xbb\xb6\xe7\x9b\xae\xe5\xbd\x95\x3c\x2f\x62"
  "\x75\x74\x74\x6f\x6e\x3e\x0a\x20\x20\x20\x20\x20\x20\x3c\x73\x70"
  "\x61\x6e\x20\x63\x6c\x61\x73\x73\x3d\x22\x68\x65\x6c\x70\x22\x20"
  "\x74\x61\x62\x69\x6e\x64\x65\x78\x3d\x22\x30\x22\x20\x61\x72\x69"
  "\x61\x2d\x6c\x61\x62\x65\x6c\x3d\x22\xe8\xbf\x99\xe4\xb8\x80\xe6"
  "\xa0\x8f\xe7\x9a\x84\xe5\x8f\xa3\xe5\xbe\x84\x22\x3e\x3f\x3c\x73"
  "\x70\x61\x6e\x20\x63\x6c\x61\x73\x73\x3d\x22\x74\x69\x70\x22\x3e"
  "\x0a\x20\x20\x20\x20\x20\x20\x20\x20\x3c\x64\x69\x76\x20\x63\x6c"
  "\x61\x73\x73\x3d\x22\x74\x2d\x6c\x65\x61\x64\x22\x3e\xe8\xbf\x99"
  "\xe4\xb8\x80\xe6\xa0\x8f\xe7\x9a\x84\xe5\x8d\x95\xe4\xbd\x8d\xe6"
  "\x98\xaf\x3c\x62\x3e\xe6\x96\x87\xe4\xbb\xb6\xe5\xa4\xb9\x3c\x2f"
  "\x62\x3e\xef\xbc\x8c\xe4\xb8\x8d\xe6\x98\xaf\xe5\x8d\x95\xe4\xb8"
  "\xaa\xe6\x96\x87\xe4\xbb\xb6\xe3\x80\x82\x3c\x2f\x64\x69\x76\x3e"
  "\x0a\x20\x20\x20\x20\x20\x20\x20\x20\x3c\x64\x69\x76\x20\x63\x6c"
  "\x61\x73\x73\x3d\x22\x74\x2d\x72\x6f\x77\x22\x3e\x3c\x73\x70\x61"
  "\x6e\x20\x63\x6c\x61\x73\x73\x3d\x22\x6b\x22\x3e\xe5\x88\x97\xe5"
  "\x87\xba\x3c\x2f\x73\x70\x61\x6e\x3e\x3c\x73\x70\x61\x6e\x3e\x3c"
  "\x63\x6f\x64\x65\x3e\x2f\x64\x6f\x77\x6e\x6c\x6f\x61\x64\x73\x3c"
  "\x2f\x63\x6f\x64\x65\x3e\x20\xe4\xb8\x8b\xe6\xaf\x8f\xe4\xb8\xaa"
  "\xe8\xa7\x86\xe9\xa2\x91\xe6\x96\x87\xe4\xbb\xb6\xe5\xa4\xb9\xef"
  "\xbc\x9a\xe4\xbd\x93\xe7\xa7\xaf\xe3\x80\x81\xe6\x96\x87\xe4\xbb"
  "\xb6\xe6\x95\xb0\x3c\x2f\x73\x70\x61\x6e\x3e\x3c\x2f\x64\x69\x76"
  "\x3e\x0a\x20\x20\x20\x20\x20\x20\x20\x20\x3c\x64\x69\x76\x20\x63"
  "\x6c\x61\x73\x73\x3d\x22\x74\x2d\x72\x6f\x77\x22\x3e\x3c\x73\x70"
  "\x61\x6e\x20\x63\x6c\x61\x73\x73\x3d\x22\x6b\x22\x3e\xe5\x88\xa0"
  "\xe9\x99\xa4\x3c\x2f\x73\x70\x61\x6e\x3e\x3c\x73\x70\x61\x6e\x3e"
  "\xe6\x95\xb4\xe7\x9b\xae\xe5\xbd\x95\xe5\x88\xa0\xe6\x8e\x89\x20"
  "\xe2\x80\x94\xe2\x80\x94\x20\xe8\xa7\x86\xe9\xa2\x91\xe3\x80\x81"
  "\xe5\xad\x97\xe5\xb9\x95\xe3\x80\x81\x6e\x66\x6f\xe3\x80\x81\xe5"
  "\xb0\x81\xe9\x9d\xa2\xe4\xb8\x80\xe8\xb5\xb7\xe8\xb5\xb0\xef\xbc"
  "\x8c\xe7\xa9\xba\xe7\x9b\xae\xe5\xbd\x95\xe4\xb9\x9f\xe4\xb8\x8d"
  "\xe7\x95\x99\x3c\x2f\x73\x70\x61\x6e\x3e\x3c\x2f\x64\x69\x76\x3e"
  "\x0a\x20\x20\x20\x20\x20\x20\x20\x20\x3c\x64\x69\x76\x20\x63\x6c"
  "\x61\x73\x73\x3d\x22\x74\x2d\x72\x6f\x77\x22\x3e\x3c\x73\x70\x61"
  "\x6e\x20\x63\x6c\x61\x73\x73\x3d\x22\x6b\x22\x3e\xe8\xae\xb0\xe5"
  "\xbd\x95\x3c\x2f\x73\x70\x61\x6e\x3e\x3c\x73\x70\x61\x6e\x3e\xe4"
  "\xb8\x8d\xe5\x8a\xa8\x20\x3c\x63\x6f\x64\x65\x3e\x64\x61\x74\x61"
  "\x2e\x73\x71\x6c\x69\x74\x65\x3c\x2f\x63\x6f\x64\x65\x3e\xef\xbc"
  "\x9b\xe5\x88\xa0\xe5\xae\x8c\xe5\x9b\x9e\xe3\x80\x8c\xe8\xa7\x86"
  "\xe9\xa2\x91\xe6\xb8\x85\xe5\x8d\x95\xe3\x80\x8d\xe9\x82\xa3\xe6"
  "\x9d\xa1\xe4\xbc\x9a\xe5\x8f\x98\xe3\x80\x8c\xe4\xb8\x8d\xe5\xad"
  "\x98\xe5\x9c\xa8\xe3\x80\x8d\x3c\x2f\x73\x70\x61\x6e\x3e\x3c\x2f"
  "\x64\x69\x76\x3e\x0a\x20\x20\x20\x20\x20\x20\x20\x20\x3c\x64\x69"
  "\x76\x20\x63\x6c\x61\x73\x73\x3d\x22\x74\x2d\x72\x6f\x77\x22\x3e"
  "\x3c\x73\x70\x61\x6e\x20\x63\x6c\x61\x73\x73\x3d\x22\x6b\x22\x3e"
  "\xe6\x8a\xa4\xe6\xa0\x8f\x3c\x2f\x73\x70\x61\x6e\x3e\x3c\x73\x70"
  "\x61\x6e\x3e\xe4\xb8\x8b\xe8\xbd\xbd\xe6\xa0\xb9\xe7\x9b\xae\xe5"
  "\xbd\x95\xe3\x80\x81\xe6\xba\x90\xe7\x9b\xae\xe5\xbd\x95\xe6\x9c"
  "\xac\xe8\xba\xab\xe5\x8f\x8a\xe5\x85\xb6\xe4\xb8\x8a\xe7\xba\xa7"
  "\xe4\xb8\x80\xe5\xbe\x8b\xe6\x8b\x92\xe5\x88\xa0\x3c\x2f\x73\x70"
  "\x61\x6e\x3e\x3c\x2f\x64\x69\x76\x3e\x0a\x20\x20\x20\x20\x20\x20"
  "\x3c\x2f\x73\x70\x61\x6e\x3e\x3c\x2f\x73\x70\x61\x6e\x3e\x0a\x20"
  "\x20\x20\x20\x20\x20\x3c\x73\x70\x61\x6e\x20\x63\x6c\x61\x73\x73"
  "\x3d\x22\x67\x72\x6f\x77\x22\x3e\x3c\x2f\x73\x70\x61\x6e\x3e\x0a"
  "\x20\x20\x20\x20\x20\x20\x3c\x73\x70\x61\x6e\x20\x63\x6c\x61\x73"
  "\x73\x3d\x22\x73\x75\x62\x22\x20\x69\x64\x3d\x22\x6c\x6f\x63\x2d"
  "\x69\x6e\x66\x6f\x22\x3e\xe8\xaf\xbb\xe5\x8f\x96\xe4\xb8\xad\xe2"
  "\x80\xa6\x3c\x2f\x73\x70\x61\x6e\x3e\x0a\x20\x20\x20\x20\x3c\x2f"
  "\x64\x69\x76\x3e\x0a\x20\x20\x20\x20\x3c\x64\x69\x76\x20\x63\x6c"
  "\x61\x73\x73\x3d\x22\x6c\x69\x73\x74\x22\x20\x69\x64\x3d\x22\x6c"
  "\x6f\x63\x2d\x6c\x69\x73\x74\x22\x3e\x3c\x64\x69\x76\x20\x63\x6c"
  "\x61\x73\x73\x3d\x22\x65\x6d\x70\x74\x79\x22\x3e\xe8\xaf\xbb\xe5"
  "\x8f\x96\xe4\xb8\xad\xe2\x80\xa6\x3c\x2f\x64\x69\x76\x3e\x3c\x2f"
  "\x64\x69\x76\x3e\x0a\x20\x20\x3c\x2f\x73\x65\x63\x74\x69\x6f\x6e"
  "\x3e\x0a\x0a\x20\x20\x3c\x73\x65\x63\x74\x69\x6f\x6e\x20\x69\x64"
  "\x3d\x22\x74\x61\x62\x2d\x64\x6c\x22\x20\x68\x69\x64\x64\x65\x6e"
  "\x3e\x0a\x20\x20\x20\x20\x3c\x64\x69\x76\x20\x63\x6c\x61\x73\x73"
  "\x3d\x22\x62\x61\x72\x22\x3e\x0a\x20\x20\x20\x20\x20\x20\x3c\x6c"
  "\x61\x62\x65\x6c\x20\x63\x6c\x61\x73\x73\x3d\x22\x63\x62\x22\x3e"
  "\x3c\x69\x6e\x70\x75\x74\x20\x74\x79\x70\x65\x3d\x22\x63\x68\x65"
  "\x63\x6b\x62\x6f\x78\x22\x20\x69\x64\x3d\x22\x71\x2d\x61\x6c\x6c"
  "\x22\x3e\x20\xe5\x85\xa8\xe9\x80\x89\x3c\x2f\x6c\x61\x62\x65\x6c"
  "\x3e\x0a\x20\x20\x20\x20\x20\x20\x3c\x73\x70\x61\x6e\x20\x63\x6c"
  "\x61\x73\x73\x3d\x22\x63\x68\x69\x70\x73\x22\x20\x69\x64\x3d\x22"
  "\x71\x2d\x62\x75\x63\x6b\x65\x74\x22\x3e\x0a\x20\x20\x20\x20\x20"
  "\x20\x20\x20\x3c\x62\x75\x74\x74\x6f\x6e\x20\x64\x61\x74\x61\x2d"
  "\x62\x3d\x22\x70\x65\x6e\x64\x69\x6e\x67\x22\x20\x63\x6c\x61\x73"
  "\x73\x3d\x22\x6f\x6e\x22\x3e\xe5\xbe\x85\xe4\xb8\x8b\xe8\xbd\xbd"
  "\x20\x3c\x62\x3e\x30\x3c\x2f\x62\x3e\x3c\x2f\x62\x75\x74\x74\x6f"
  "\x6e\x3e\x0a\x20\x20\x20\x20\x20\x20\x20\x20\x3c\x62\x75\x74\x74"
  "\x6f\x6e\x20\x64\x61\x74\x61\x2d\x62\x3d\x22\x64\x6f\x6e\x65\x22"
  "\x3e\xe5\xb7\xb2\xe4\xb8\x8b\xe8\xbd\xbd\x20\x3c\x62\x3e\x30\x3c"
  "\x2f\x62\x3e\x3c\x2f\x62\x75\x74\x74\x6f\x6e\x3e\x0a\x20\x20\x20"
  "\x20\x20\x20\x20\x20\x3c\x62\x75\x74\x74\x6f\x6e\x20\x64\x61\x74"
  "\x61\x2d\x62\x3d\x22\x6f\x66\x66\x22\x3e\xe4\xb8\x8d\xe4\xb8\x8b"
  "\x20\x3c\x62\x3e\x30\x3c\x2f\x62\x3e\x3c\x2f\x62\x75\x74\x74\x6f"
  "\x6e\x3e\x0a\x20\x20\x20\x20\x20\x20\x3c\x2f\x73\x70\x61\x6e\x3e"
  "\x0a\x20\x20\x20\x20\x20\x20\x3c\x69\x6e\x70\x75\x74\x20\x74\x79"
  "\x70\x65\x3d\x22\x74\x65\x78\x74\x22\x20\x69\x64\x3d\x22\x71\x2d"
  "\x71\x22\x20\x70\x6c\x61\x63\x65\x68\x6f\x6c\x64\x65\x72\x3d\x22"
  "\xe6\x90\x9c\xe6\xa0\x87\xe9\xa2\x98\x20\x2f\x20\x55\x50\x20\x2f"
  "\x20\x42\x56\x20\xe5\x8f\xb7\x22\x3e\x0a\x20\x20\x20\x20\x20\x20"
  "\x3c\x73\x70\x61\x6e\x20\x63\x6c\x61\x73\x73\x3d\x22\x68\x65\x6c"
  "\x70\x22\x20\x74\x61\x62\x69\x6e\x64\x65\x78\x3d\x22\x30\x22\x20"
  "\x61\x72\x69\x61\x2d\x6c\x61\x62\x65\x6c\x3d\x22\xe8\xbf\x99\xe4"
  "\xb8\x80\xe6\xa0\x8f\xe5\x81\x9a\xe4\xbb\x80\xe4\xb9\x88\x22\x3e"
  "\x3f\x3c\x73\x70\x61\x6e\x20\x63\x6c\x61\x73\x73\x3d\x22\x74\x69"
  "\x70\x22\x3e\x0a\x20\x20\x20\x20\x20\x20\x20\x20\x3c\x64\x69\x76"
  "\x20\x63\x6c\x61\x73\x73\x3d\x22\x74\x2d\x6c\x65\x61\x64\x22\x3e"
  "\xe8\xbf\x99\xe4\xb8\x80\xe6\xa0\x8f\xe5\xb0\xb1\xe6\x98\xaf\xe5"
  "\xba\x93\xe9\x87\x8c\xe6\xaf\x8f\xe6\x9d\xa1\xe8\xa7\x86\xe9\xa2"
  "\x91\xe7\x9a\x84\xe4\xb8\xa4\xe4\xb8\xaa\xe5\xbc\x80\xe5\x85\xb3"
  "\xef\xbc\x9a\x3c\x62\x3e\xe8\xa6\x81\xe4\xb8\x8d\xe8\xa6\x81\xe4"
  "\xb8\x8b\x3c\x2f\x62\x3e\xef\xbc\x88\x3c\x63\x6f\x64\x65\x3e\x73"
  "\x68\x6f\x75\x6c\x64\x5f\x64\x6f\x77\x6e\x6c\x6f\x61\x64\x3c\x2f"
  "\x63\x6f\x64\x65\x3e\xef\xbc\x89\xe5\x92\x8c\x20\x3c\x62\x3e\xe4"
  "\xb8\x8b\xe5\xae\x8c\xe6\xb2\xa1\xe6\x9c\x89\x3c\x2f\x62\x3e\xef"
  "\xbc\x88\xe5\x88\x86\xe9\xa1\xb5\xe6\x9c\x89\xe6\xb2\xa1\xe6\x9c"
  "\x89\xe8\x90\xbd\xe7\x9b\x98\xe8\xb7\xaf\xe5\xbe\x84\xef\xbc\x89"
  "\xe3\x80\x82\x3c\x2f\x64\x69\x76\x3e\x0a\x20\x20\x20\x20\x20\x20"
  "\x20\x20\x3c\x64\x69\x76\x20\x63\x6c\x61\x73\x73\x3d\x22\x74\x2d"
  "\x72\x6f\x77\x22\x3e\x3c\x73\x70\x61\x6e\x20\x63\x6c\x61\x73\x73"
  "\x3d\x22\x6b\x20\x68\x69\x22\x3e\xe5\xbe\x85\xe4\xb8\x8b\xe8\xbd"
  "\xbd\x3c\x2f\x73\x70\x61\x6e\x3e\x3c\x73\x70\x61\x6e\x3e\xe8\xa6"
  "\x81\xe4\xb8\x8b\xe3\x80\x81\xe4\xbd\x86\xe8\xbf\x98\xe6\xb2\xa1"
  "\xe4\xb8\x8b\xe5\xae\x8c\x20\xe2\x80\x94\xe2\x80\x94\x20\x62\x69"
  "\x6c\x69\x2d\x73\x79\x6e\x63\x20\xe4\xb8\x8b\xe4\xb8\x80\xe8\xbd"
  "\xae\xe4\xbc\x9a\xe5\x8e\xbb\xe4\xb8\x8b\x3c\x2f\x73\x70\x61\x6e"
  "\x3e\x3c\x2f\x64\x69\x76\x3e\x0a\x20\x20\x20\x20\x20\x20\x20\x20"
  "\x3c\x64\x69\x76\x20\x63\x6c\x61\x73\x73\x3d\x22\x74\x2d\x72\x6f"
  "\x77\x22\x3e\x3c\x73\x70\x61\x6e\x20\x63\x6c\x61\x73\x73\x3d\x22"
  "\x6b\x22\x3e\xe5\xb7\xb2\xe4\xb8\x8b\xe8\xbd\xbd\x3c\x2f\x73\x70"
  "\x61\x6e\x3e\x3c\x73\x70\x61\x6e\x3e\xe8\xa6\x81\xe4\xb8\x8b\xe3"
  "\x80\x81\xe6\xaf\x8f\xe9\xa1\xb5\xe9\x83\xbd\xe8\x90\xbd\xe8\xbf"
  "\x87\xe7\x9b\x98\xef\xbc\x88\xe6\x96\x87\xe4\xbb\xb6\xe5\x90\x8e"
  "\xe6\x9d\xa5\xe8\xa2\xab\xe5\x88\xa0\xe4\xba\x86\xe4\xb9\x9f\xe7"
  "\xae\x97\xef\xbc\x8c\xe7\x9c\x8b\xe7\x9a\x84\xe6\x98\xaf\xe5\xba"
  "\x93\xe9\x87\x8c\xe7\x9a\x84\xe8\xae\xb0\xe5\xbd\x95\xef\xbc\x89"
  "\x3c\x2f\x73\x70\x61\x6e\x3e\x3c\x2f\x64\x69\x76\x3e\x0a\x20\x20"
  "\x20\x20\x20\x20\x20\x20\x3c\x64\x69\x76\x20\x63\x6c\x61\x73\x73"
  "\x3d\x22\x74\x2d\x72\x6f\x77\x22\x3e\x3c\x73\x70\x61\x6e\x20\x63"
  "\x6c\x61\x73\x73\x3d\x22\x6b\x22\x3e\xe4\xb8\x8d\xe4\xb8\x8b\x3c"
  "\x2f\x73\x70\x61\x6e\x3e\x3c\x73\x70\x61\x6e\x3e\xe4\xb8\x8d\xe8"
  "\xa6\x81\xe6\x8a\x8a\xe8\xbf\x99\xe6\x9d\xa1\xe4\xb8\x8b\xe4\xb8"
  "\x8b\xe6\x9d\xa5\xef\xbc\x9b\xe8\xae\xb0\xe5\xbd\x95\xe8\xbf\x98"
  "\xe5\x9c\xa8\xef\xbc\x8c\xe9\x9a\x8f\xe6\x97\xb6\xe8\x83\xbd\xe5"
  "\x8a\xa0\xe5\x9b\x9e\xe9\x98\x9f\xe5\x88\x97\x3c\x2f\x73\x70\x61"
  "\x6e\x3e\x3c\x2f\x64\x69\x76\x3e\x0a\x20\x20\x20\x20\x20\x20\x20"
  "\x20\x3c\x64\x69\x76\x20\x63\x6c\x61\x73\x73\x3d\x22\x74\x2d\x72"
  "\x6f\x77\x22\x3e\x3c\x73\x70\x61\x6e\x20\x63\x6c\x61\x73\x73\x3d"
  "\x22\x6b\x22\x3e\xe5\x8a\xa0\xe5\x85\xa5\xe9\x98\x9f\xe5\x88\x97"
  "\x3c\x2f\x73\x70\x61\x6e\x3e\x3c\x73\x70\x61\x6e\x3e\xe6\x94\xb9"
  "\xe6\x88\x90\xe3\x80\x8c\xe8\xa6\x81\xe4\xb8\x8b\xe3\x80\x8d\xef"
  "\xbc\x8c\xe4\xb8\x8b\xe4\xb8\x80\xe8\xbd\xae\xe5\xbc\x80\xe5\xb7"
  "\xa5\x3c\x2f\x73\x70\x61\x6e\x3e\x3c\x2f\x64\x69\x76\x3e\x0a\x20"
  "\x20\x20\x20\x20\x20\x20\x20\x3c\x64\x69\x76\x20\x63\x6c\x61\x73"
  "\x73\x3d\x22\x74\x2d\x72\x6f\x77\x22\x3e\x3c\x73\x70\x61\x6e\x20"
  "\x63\x6c\x61\x73\x73\x3d\x22\x6b\x22\x3e\xe7\xa7\xbb\xe5\x87\xba"
  "\xe9\x98\x9f\xe5\x88\x97\x3c\x2f\x73\x70\x61\x6e\x3e\x3c\x73\x70"
  "\x61\x6e\x3e\xe6\x94\xb9\xe6\x88\x90\xe3\x80\x8c\xe4\xb8\x8d\xe4"
  "\xb8\x8b\xe3\x80\x8d\xef\xbc\x8c\xe5\x8f\xaa\xe5\x8a\xa8\xe5\xbc"
  "\x80\xe5\x85\xb3\xef\xbc\x8c\xe4\xb8\x8d\xe5\x88\xa0\xe8\xae\xb0"
  "\xe5\xbd\x95\xe4\xb9\x9f\xe4\xb8\x8d\xe5\x88\xa0\xe6\x96\x87\xe4"
  "\xbb\xb6\x3c\x2f\x73\x70\x61\x6e\x3e\x3c\x2f\x64\x69\x76\x3e\x0a"
  "\x20\x20\x20\x20\x20\x20\x20\x20\x3c\x64\x69\x76\x20\x63\x6c\x61"
  "\x73\x73\x3d\x22\x74\x2d\x72\x6f\x77\x22\x3e\x3c\x73\x70\x61\x6e"
  "\x20\x63\x6c\x61\x73\x73\x3d\x22\x6b\x22\x3e\xe9\x87\x8d\xe7\xbd"
  "\xae\xe5\xb9\xb6\xe9\x87\x8d\xe4\xb8\x8b\x3c\x2f\x73\x70\x61\x6e"
  "\x3e\x3c\x73\x70\x61\x6e\x3e\xe6\xb8\x85\xe6\x8e\x89\xe8\xbf\x99"
  "\xe6\x9d\xa1\xe7\x9a\x84\xe5\x88\x86\xe9\xa1\xb5\xe8\xae\xb0\xe5"
  "\xbd\x95\xe3\x80\x81\xe7\x8a\xb6\xe6\x80\x81\xe5\xbd\x92\xe9\x9b"
  "\xb6\xef\xbc\x8c\xe4\xb8\x8b\xe4\xb8\x80\xe8\xbd\xae\xe9\x87\x8d"
  "\xe6\x96\xb0\xe6\x8a\x93\xe5\x88\x86\xe9\xa1\xb5\xe5\x86\x8d\xe4"
  "\xb8\x8b\xef\xbc\x9b\xe7\x9b\x98\xe4\xb8\x8a\xe6\x97\xa7\xe6\x96"
  "\x87\xe4\xbb\xb6\xe4\xb8\x8d\xe5\x8a\xa8\x3c\x2f\x73\x70\x61\x6e"
  "\x3e\x3c\x2f\x64\x69\x76\x3e\x0a\x20\x20\x20\x20\x20\x20\x20\x20"
  "\x3c\x64\x69\x76\x20\x63\x6c\x61\x73\x73\x3d\x22\x74\x2d\x72\x6f"
  "\x77\x22\x3e\x3c\x73\x70\x61\x6e\x20\x63\x6c\x61\x73\x73\x3d\x22"
  "\x6b\x22\x3e\xe5\x88\xa0\xe9\x99\xa4\xe8\xae\xb0\xe5\xbd\x95\x3c"
  "\x2f\x73\x70\x61\x6e\x3e\x3c\x73\x70\x61\x6e\x3e\xe6\x8a\x8a\x20"
  "\x76\x69\x64\x65\x6f\x20\x2f\x20\x70\x61\x67\x65\x20\xe9\x87\x8c"
  "\xe7\x9a\x84\xe8\xae\xb0\xe5\xbd\x95\xe5\x88\xa0\xe6\x8e\x89\xef"
  "\xbc\x8c\xe7\xa3\x81\xe7\x9b\x98\xe4\xb8\x8a\xe7\x9a\x84\xe6\x96"
  "\x87\xe4\xbb\xb6\xe4\xb8\x8d\xe5\x8a\xa8\x3c\x2f\x73\x70\x61\x6e"
  "\x3e\x3c\x2f\x64\x69\x76\x3e\x0a\x20\x20\x20\x20\x20\x20\x20\x20"
  "\x3c\x64\x69\x76\x20\x63\x6c\x61\x73\x73\x3d\x22\x74\x2d\x72\x6f"
  "\x77\x22\x3e\x3c\x73\x70\x61\x6e\x20\x63\x6c\x61\x73\x73\x3d\x22"
  "\x6b\x20\x68\x69\x22\x3e\xe6\xb8\x85\xe7\x90\x86\xe5\x83\xb5\xe5"
  "\xb0\xb8\xe5\xae\x8c\xe6\x88\x90\x3c\x2f\x73\x70\x61\x6e\x3e\x3c"
  "\x73\x70\x61\x6e\x3e\xe6\x8a\x8a\xe3\x80\x8c\xe5\xba\x93\xe9\x87"
  "\x8c\xe6\xa0\x87\xe7\x9d\x80\xe5\xb7\xb2\xe5\xae\x8c\xe6\x88\x90"
  "\xe3\x80\x81\xe7\x9b\x98\xe4\xb8\x8a\xe6\x96\x87\xe4\xbb\xb6\xe5"
  "\x8d\xb4\xe4\xb8\x80\xe4\xb8\xaa\xe4\xb8\x8d\xe5\x89\xa9\xe3\x80"
  "\x8d\xe7\x9a\x84\xe6\x9d\xa1\xe7\x9b\xae\xe6\x94\xb6\xe5\x9b\x9e"
  "\xe5\xae\x8c\xe6\x88\x90\xe6\xa0\x87\xe8\xae\xb0\xe3\x80\x81\xe6"
  "\xb8\x85\xe6\x8e\x89\xe8\x90\xbd\xe7\x9b\x98\xe8\xb7\xaf\xe5\xbe"
  "\x84\xef\xbc\x8c\xe5\xb9\xb6\xe6\xa0\x87\xe6\x88\x90\xe3\x80\x8c"
  "\xe4\xb8\x8d\xe4\xb8\x8b\xe3\x80\x8d\xe3\x80\x82\xe5\x8f\xaa\xe5"
  "\x8a\xa8\xe5\xba\x93\xef\xbc\x8c\xe4\xb8\x8d\xe5\x8a\xa8\xe6\x96"
  "\x87\xe4\xbb\xb6\x20\xe2\x80\x94\xe2\x80\x94\x20\xe6\x83\xb3\xe9"
  "\x87\x8d\xe4\xb8\x8b\xe5\xb0\xb1\xe5\x8b\xbe\xe3\x80\x8c\xe5\x8a"
  "\xa0\xe5\x85\xa5\xe4\xb8\x8b\xe8\xbd\xbd\xe9\x98\x9f\xe5\x88\x97"
  "\xe3\x80\x8d\xe5\x86\x8d\xe7\x82\xb9\xe3\x80\x8c\xe9\x87\x8d\xe7"
  "\xbd\xae\xe5\xb9\xb6\xe9\x87\x8d\xe4\xb8\x8b\xe3\x80\x8d\x3c\x2f"
  "\x73\x70\x61\x6e\x3e\x3c\x2f\x64\x69\x76\x3e\x0a\x20\x20\x20\x20"
  "\x20\x20\x3c\x2f\x73\x70\x61\x6e\x3e\x3c\x2f\x73\x70\x61\x6e\x3e"
  "\x0a\x20\x20\x20\x20\x20\x20\x3c\x73\x70\x61\x6e\x20\x63\x6c\x61"
  "\x73\x73\x3d\x22\x67\x72\x6f\x77\x22\x3e\x3c\x2f\x73\x70\x61\x6e"
  "\x3e\x0a\x20\x20\x20\x20\x20\x20\x3c\x73\x70\x61\x6e\x20\x63\x6c"
  "\x61\x73\x73\x3d\x22\x73\x75\x62\x22\x20\x69\x64\x3d\x22\x64\x6c"
  "\x2d\x69\x6e\x66\x6f\x22\x3e\x3c\x2f\x73\x70\x61\x6e\x3e\x0a\x20"
  "\x20\x20\x20\x20\x20\x3c\x62\x75\x74\x74\x6f\x6e\x20\x63\x6c\x61"
  "\x73\x73\x3d\x22\x70\x6c\x61\x69\x6e\x22\x20\x69\x64\x3d\x22\x62"
  "\x74\x6e\x2d\x71\x2d\x70\x75\x72\x67\x65\x22\x3e\xe6\xb8\x85\xe7"
  "\x90\x86\xe5\x83\xb5\xe5\xb0\xb8\xe5\xae\x8c\xe6\x88\x90\x3c\x2f"
  "\x62\x75\x74\x74\x6f\x6e\x3e\x0a\x20\x20\x20\x20\x20\x20\x3c\x62"
  "\x75\x74\x74\x6f\x6e\x20\x63\x6c\x61\x73\x73\x3d\x22\x70\x6c\x61"
  "\x69\x6e\x22\x20\x69\x64\x3d\x22\x62\x74\x6e\x2d\x64\x6c\x2d\x72"
  "\x65\x6c\x6f\x61\x64\x22\x3e\xe9\x87\x8d\xe6\x96\xb0\xe6\x89\xab"
  "\xe6\x8f\x8f\x3c\x2f\x62\x75\x74\x74\x6f\x6e\x3e\x0a\x20\x20\x20"
  "\x20\x3c\x2f\x64\x69\x76\x3e\x0a\x20\x20\x20\x20\x3c\x64\x69\x76"
  "\x20\x63\x6c\x61\x73\x73\x3d\x22\x6c\x69\x73\x74\x22\x20\x69\x64"
  "\x3d\x22\x64\x6c\x2d\x6c\x69\x73\x74\x22\x3e\x3c\x64\x69\x76\x20"
  "\x63\x6c\x61\x73\x73\x3d\x22\x65\x6d\x70\x74\x79\x22\x3e\xe8\xaf"
  "\xbb\xe5\x8f\x96\xe4\xb8\xad\xe2\x80\xa6\x3c\x2f\x64\x69\x76\x3e"
  "\x3c\x2f\x64\x69\x76\x3e\x0a\x20\x20\x3c\x2f\x73\x65\x63\x74\x69"
  "\x6f\x6e\x3e\x0a\x3c\x2f\x64\x69\x76\x3e\x0a\x0a\x3c\x64\x69\x76"
  "\x20\x63\x6c\x61\x73\x73\x3d\x22\x66\x6f\x6f\x74\x22\x20\x69\x64"
  "\x3d\x22\x66\x6f\x6f\x74\x22\x20\x68\x69\x64\x64\x65\x6e\x3e\x0a"
  "\x20\x20\x3c\x73\x70\x61\x6e\x20\x63\x6c\x61\x73\x73\x3d\x22\x69"
  "\x6e\x66\x6f\x22\x20\x69\x64\x3d\x22\x66\x6f\x6f\x74\x2d\x69\x6e"
  "\x66\x6f\x22\x3e\x3c\x2f\x73\x70\x61\x6e\x3e\x0a\x20\x20\x3c\x73"
  "\x70\x61\x6e\x20\x63\x6c\x61\x73\x73\x3d\x22\x67\x72\x70\x22\x20"
  "\x69\x64\x3d\x22\x66\x6f\x6f\x74\x2d\x6c\x6f\x63\x22\x20\x68\x69"
  "\x64\x64\x65\x6e\x3e\x0a\x20\x20\x20\x20\x3c\x62\x75\x74\x74\x6f"
  "\x6e\x20\x63\x6c\x61\x73\x73\x3d\x22\x70\x6c\x61\x69\x6e\x22\x20"
  "\x69\x64\x3d\x22\x62\x74\x6e\x2d\x63\x6c\x65\x61\x72\x22\x3e\xe6"
  "\xb8\x85\xe7\xa9\xba\xe9\x80\x89\xe6\x8b\xa9\x3c\x2f\x62\x75\x74"
  "\x74\x6f\x6e\x3e\x0a\x20\x20\x20\x20\x3c\x62\x75\x74\x74\x6f\x6e"
  "\x20\x63\x6c\x61\x73\x73\x3d\x22\x64\x61\x6e\x67\x65\x72\x22\x20"
  "\x69\x64\x3d\x22\x62\x74\x6e\x2d\x64\x65\x6c\x22\x20\x64\x69\x73"
  "\x61\x62\x6c\x65\x64\x3e\xe5\x88\xa0\xe9\x99\xa4\xe9\x80\x89\xe4"
  "\xb8\xad\x3c\x2f\x62\x75\x74\x74\x6f\x6e\x3e\x0a\x20\x20\x3c\x2f"
  "\x73\x70\x61\x6e\x3e\x0a\x20\x20\x3c\x73\x70\x61\x6e\x20\x63\x6c"
  "\x61\x73\x73\x3d\x22\x67\x72\x70\x22\x20\x69\x64\x3d\x22\x66\x6f"
  "\x6f\x74\x2d\x64\x6c\x22\x20\x68\x69\x64\x64\x65\x6e\x3e\x0a\x20"
  "\x20\x20\x20\x3c\x62\x75\x74\x74\x6f\x6e\x20\x63\x6c\x61\x73\x73"
  "\x3d\x22\x70\x6c\x61\x69\x6e\x22\x20\x69\x64\x3d\x22\x62\x74\x6e"
  "\x2d\x71\x2d\x63\x6c\x65\x61\x72\x22\x3e\xe6\xb8\x85\xe7\xa9\xba"
  "\xe9\x80\x89\xe6\x8b\xa9\x3c\x2f\x62\x75\x74\x74\x6f\x6e\x3e\x0a"
  "\x20\x20\x20\x20\x3c\x62\x75\x74\x74\x6f\x6e\x20\x63\x6c\x61\x73"
  "\x73\x3d\x22\x70\x6c\x61\x69\x6e\x22\x20\x69\x64\x3d\x22\x62\x74"
  "\x6e\x2d\x71\x2d\x75\x6e\x77\x61\x6e\x74\x22\x20\x64\x69\x73\x61"
  "\x62\x6c\x65\x64\x3e\xe7\xa7\xbb\xe5\x87\xba\xe4\xb8\x8b\xe8\xbd"
  "\xbd\xe9\x98\x9f\xe5\x88\x97\x3c\x2f\x62\x75\x74\x74\x6f\x6e\x3e"
  "\x0a\x20\x20\x20\x20\x3c\x62\x75\x74\x74\x6f\x6e\x20\x63\x6c\x61"
  "\x73\x73\x3d\x22\x70\x6c\x61\x69\x6e\x22\x20\x69\x64\x3d\x22\x62"
  "\x74\x6e\x2d\x71\x2d\x77\x61\x6e\x74\x22\x20\x64\x69\x73\x61\x62"
  "\x6c\x65\x64\x3e\xe5\x8a\xa0\xe5\x85\xa5\xe4\xb8\x8b\xe8\xbd\xbd"
  "\xe9\x98\x9f\xe5\x88\x97\x3c\x2f\x62\x75\x74\x74\x6f\x6e\x3e\x0a"
  "\x20\x20\x20\x20\x3c\x62\x75\x74\x74\x6f\x6e\x20\x63\x6c\x61\x73"
  "\x73\x3d\x22\x70\x6c\x61\x69\x6e\x22\x20\x69\x64\x3d\x22\x62\x74"
  "\x6e\x2d\x71\x2d\x72\x65\x64\x6c\x22\x20\x64\x69\x73\x61\x62\x6c"
  "\x65\x64\x3e\xe9\x87\x8d\xe7\xbd\xae\xe5\xb9\xb6\xe9\x87\x8d\xe4"
  "\xb8\x8b\x3c\x2f\x62\x75\x74\x74\x6f\x6e\x3e\x0a\x20\x20\x20\x20"
  "\x3c\x62\x75\x74\x74\x6f\x6e\x20\x63\x6c\x61\x73\x73\x3d\x22\x64"
  "\x61\x6e\x67\x65\x72\x22\x20\x69\x64\x3d\x22\x62\x74\x6e\x2d\x71"
  "\x2d\x64\x65\x6c\x22\x20\x64\x69\x73\x61\x62\x6c\x65\x64\x3e\xe5"
  "\x88\xa0\xe9\x99\xa4\xe8\xae\xb0\xe5\xbd\x95\x3c\x2f\x62\x75\x74"
  "\x74\x6f\x6e\x3e\x0a\x20\x20\x3c\x2f\x73\x70\x61\x6e\x3e\x0a\x3c"
  "\x2f\x64\x69\x76\x3e\x0a\x0a\x3c\x73\x63\x72\x69\x70\x74\x3e\x0a"
  "\x63\x6f\x6e\x73\x74\x20\x54\x4f\x4b\x45\x4e\x20\x3d\x20\x6e\x65"
  "\x77\x20\x55\x52\x4c\x53\x65\x61\x72\x63\x68\x50\x61\x72\x61\x6d"
  "\x73\x28\x6c\x6f\x63\x61\x74\x69\x6f\x6e\x2e\x73\x65\x61\x72\x63"
  "\x68\x29\x2e\x67\x65\x74\x28\x27\x74\x6f\x6b\x65\x6e\x27\x29\x20"
  "\x7c\x7c\x20\x27\x27\x3b\x0a\x63\x6f\x6e\x73\x74\x20\x61\x70\x69"
  "\x20\x3d\x20\x28\x70\x29\x20\x3d\x3e\x20\x70\x20\x2b\x20\x28\x54"
  "\x4f\x4b\x45\x4e\x20\x3f\x20\x28\x70\x2e\x69\x6e\x63\x6c\x75\x64"
  "\x65\x73\x28\x27\x3f\x27\x29\x20\x3f\x20\x27\x26\x27\x20\x3a\x20"
  "\x27\x3f\x27\x29\x20\x2b\x20\x27\x74\x6f\x6b\x65\x6e\x3d\x27\x20"
  "\x2b\x20\x65\x6e\x63\x6f\x64\x65\x55\x52\x49\x43\x6f\x6d\x70\x6f"
  "\x6e\x65\x6e\x74\x28\x54\x4f\x4b\x45\x4e\x29\x20\x3a\x20\x27\x27"
  "\x29\x3b\x0a\x63\x6f\x6e\x73\x74\x20\x53\x54\x41\x54\x55\x53\x5f"
  "\x54\x45\x58\x54\x20\x3d\x20\x7b\x20\x65\x78\x69\x73\x74\x73\x3a"
  "\x27\xe5\xad\x98\xe5\x9c\xa8\x27\x2c\x20\x70\x61\x72\x74\x69\x61"
  "\x6c\x3a\x27\xe9\x83\xa8\xe5\x88\x86\x27\x2c\x20\x6d\x69\x73\x73"
  "\x69\x6e\x67\x3a\x27\xe4\xb8\x8d\xe5\xad\x98\xe5\x9c\xa8\x27\x2c"
  "\x20\x75\x6e\x64\x6f\x77\x6e\x6c\x6f\x61\x64\x65\x64\x3a\x27\xe6"
  "\x9c\xaa\xe4\xb8\x8b\xe8\xbd\xbd\x27\x2c\x20\x6e\x6f\x70\x61\x67"
  "\x65\x73\x3a\x27\xe6\x97\xa0\xe5\x88\x86\xe9\xa1\xb5\x27\x20\x7d"
  "\x3b\x0a\x63\x6f\x6e\x73\x74\x20\x53\x54\x41\x54\x55\x53\x5f\x44"
  "\x45\x53\x43\x20\x3d\x20\x7b\x0a\x20\x20\x65\x78\x69\x73\x74\x73"
  "\x3a\x27\xe6\x89\x80\xe6\x9c\x89\xe5\x88\x86\xe9\xa1\xb5\xe7\x9a"
  "\x84\xe6\x96\x87\xe4\xbb\xb6\xe9\x83\xbd\xe5\x9c\xa8\x27\x2c\x0a"
  "\x20\x20\x70\x61\x72\x74\x69\x61\x6c\x3a\x27\xe6\x9c\x89\xe7\x9a"
  "\x84\xe5\x9c\xa8\xe6\x9c\x89\xe7\x9a\x84\xe4\xb8\x8d\xe5\x9c\xa8"
  "\xef\xbc\x8c\xe6\x88\x96\xe8\x80\x85\xe6\x9c\x89\xe5\x88\x86\xe9"
  "\xa1\xb5\xe8\xbf\x98\xe6\xb2\xa1\xe8\x90\xbd\xe7\x9b\x98\x27\x2c"
  "\x0a\x20\x20\x6d\x69\x73\x73\x69\x6e\x67\x3a\x27\xe4\xb8\x8b\xe8"
  "\xbf\x87\xef\xbc\x88\xe6\x9c\x89\xe8\x90\xbd\xe7\x9b\x98\xe8\xb7"
  "\xaf\xe5\xbe\x84\xef\xbc\x89\xef\xbc\x8c\xe4\xbd\x86\xe6\x96\x87"
  "\xe4\xbb\xb6\xe4\xb8\x80\xe4\xb8\xaa\xe9\x83\xbd\xe6\xb2\xa1\xe4"
  "\xba\x86\x27\x2c\x0a\x20\x20\x75\x6e\x64\x6f\x77\x6e\x6c\x6f\x61"
  "\x64\x65\x64\x3a\x27\xe6\x9c\x89\xe5\x88\x86\xe9\xa1\xb5\xe8\xa1"
  "\x8c\xef\xbc\x8c\xe4\xbd\x86\xe9\x83\xbd\xe6\xb2\xa1\xe6\x9c\x89"
  "\xe8\x90\xbd\xe7\x9b\x98\xe8\xb7\xaf\xe5\xbe\x84\x20\xe2\x80\x94"
  "\xe2\x80\x94\x20\xe4\xbb\x8e\xe6\xb2\xa1\xe4\xb8\x8b\xe8\xbf\x87"
  "\x27\x2c\x0a\x20\x20\x6e\x6f\x70\x61\x67\x65\x73\x3a\x27\x70\x61"
  "\x67\x65\x20\xe8\xa1\xa8\xe9\x87\x8c\xe6\xb2\xa1\xe6\x9c\x89\xe5"
  "\xae\x83\xe7\x9a\x84\xe8\xa1\x8c\x27\x0a\x7d\x3b\x0a\x63\x6f\x6e"
  "\x73\x74\x20\x42\x55\x43\x4b\x45\x54\x5f\x54\x45\x58\x54\x20\x3d"
  "\x20\x7b\x20\x70\x65\x6e\x64\x69\x6e\x67\x3a\x27\xe5\xbe\x85\xe4"
  "\xb8\x8b\xe8\xbd\xbd\x27\x2c\x20\x64\x6f\x6e\x65\x3a\x27\xe5\xb7"
  "\xb2\xe4\xb8\x8b\xe8\xbd\xbd\x27\x2c\x20\x6f\x66\x66\x3a\x27\xe4"
  "\xb8\x8d\xe4\xb8\x8b\x27\x20\x7d\x3b\x0a\x63\x6f\x6e\x73\x74\x20"
  "\x42\x55\x43\x4b\x45\x54\x5f\x43\x4c\x41\x53\x53\x20\x3d\x20\x7b"
  "\x20\x70\x65\x6e\x64\x69\x6e\x67\x3a\x27\x73\x2d\x75\x6e\x64\x6f"
  "\x77\x6e\x6c\x6f\x61\x64\x65\x64\x27\x2c\x20\x64\x6f\x6e\x65\x3a"
  "\x27\x73\x2d\x65\x78\x69\x73\x74\x73\x27\x2c\x20\x6f\x66\x66\x3a"
  "\x27\x73\x2d\x6e\x6f\x70\x61\x67\x65\x73\x27\x20\x7d\x3b\x0a\x63"
  "\x6f\x6e\x73\x74\x20\x42\x55\x43\x4b\x45\x54\x5f\x44\x45\x53\x43"
  "\x20\x3d\x20\x7b\x0a\x20\x20\x70\x65\x6e\x64\x69\x6e\x67\x3a\x27"
  "\xe8\xa6\x81\xe4\xb8\x8b\xe3\x80\x81\xe8\xbf\x98\xe6\xb2\xa1\xe4"
  "\xb8\x8b\xe5\xae\x8c\x27\x2c\x0a\x20\x20\x64\x6f\x6e\x65\x3a\x27"
  "\xe8\xa6\x81\xe4\xb8\x8b\xe3\x80\x81\xe6\xaf\x8f\xe9\xa1\xb5\xe9"
  "\x83\xbd\xe8\x90\xbd\xe8\xbf\x87\xe7\x9b\x98\x27\x2c\x0a\x20\x20"
  "\x6f\x66\x66\x3a\x27\xe4\xb8\x8d\xe6\x94\xb9\xe9\x98\x9f\xe5\x88"
  "\x97\xef\xbc\x8c\xe8\xbf\x99\xe6\x9d\xa1\xe4\xb8\x8d\xe4\xbc\x9a"
  "\xe8\xa2\xab\xe4\xb8\x8b\x27\x0a\x7d\x3b\x0a\x0a\x66\x75\x6e\x63"
  "\x74\x69\x6f\x6e\x20\x66\x6d\x74\x53\x69\x7a\x65\x28\x6e\x29\x7b"
  "\x0a\x20\x20\x69\x66\x28\x21\x6e\x29\x20\x72\x65\x74\x75\x72\x6e"
  "\x20\x27\x30\x20\x42\x27\x3b\x0a\x20\x20\x63\x6f\x6e\x73\x74\x20"
  "\x75\x3d\x5b\x27\x42\x27\x2c\x27\x4b\x69\x42\x27\x2c\x27\x4d\x69"
  "\x42\x27\x2c\x27\x47\x69\x42\x27\x2c\x27\x54\x69\x42\x27\x5d\x3b"
  "\x20\x6c\x65\x74\x20\x69\x3d\x30\x2c\x20\x76\x3d\x6e\x3b\x0a\x20"
  "\x20\x77\x68\x69\x6c\x65\x28\x76\x3e\x3d\x31\x30\x32\x34\x20\x26"
  "\x26\x20\x69\x3c\x75\x2e\x6c\x65\x6e\x67\x74\x68\x2d\x31\x29\x7b"
  "\x20\x76\x2f\x3d\x31\x30\x32\x34\x3b\x20\x69\x2b\x2b\x3b\x20\x7d"
  "\x0a\x20\x20\x72\x65\x74\x75\x72\x6e\x20\x28\x76\x3e\x3d\x31\x30"
  "\x30\x7c\x7c\x69\x3d\x3d\x3d\x30\x20\x3f\x20\x4d\x61\x74\x68\x2e"
  "\x72\x6f\x75\x6e\x64\x28\x76\x29\x20\x3a\x20\x76\x2e\x74\x6f\x46"
  "\x69\x78\x65\x64\x28\x31\x29\x29\x20\x2b\x20\x27\x20\x27\x20\x2b"
  "\x20\x75\x5b\x69\x5d\x3b\x0a\x7d\x0a\x63\x6f\x6e\x73\x74\x20\x65"
  "\x73\x63\x20\x3d\x20\x28\x73\x29\x20\x3d\x3e\x20\x53\x74\x72\x69"
  "\x6e\x67\x28\x73\x3d\x3d\x6e\x75\x6c\x6c\x3f\x27\x27\x3a\x73\x29"
  "\x2e\x72\x65\x70\x6c\x61\x63\x65\x28\x2f\x5b\x26\x3c\x3e\x22\x27"
  "\x5d\x2f\x67\x2c\x20\x63\x20\x3d\x3e\x20\x28\x7b\x27\x26\x27\x3a"
  "\x27\x26\x61\x6d\x70\x3b\x27\x2c\x27\x3c\x27\x3a\x27\x26\x6c\x74"
  "\x3b\x27\x2c\x27\x3e\x27\x3a\x27\x26\x67\x74\x3b\x27\x2c\x27\x22"
  "\x27\x3a\x27\x26\x71\x75\x6f\x74\x3b\x27\x2c\x22\x27\x22\x3a\x27"
  "\x26\x23\x33\x39\x3b\x27\x7d\x5b\x63\x5d\x29\x29\x3b\x0a\x0a\x6c"
  "\x65\x74\x20\x52\x45\x43\x20\x3d\x20\x7b\x20\x72\x65\x63\x6f\x72"
  "\x64\x73\x3a\x20\x5b\x5d\x2c\x20\x73\x75\x6d\x6d\x61\x72\x79\x3a"
  "\x7b\x7d\x2c\x20\x71\x75\x65\x75\x65\x3a\x7b\x7d\x2c\x20\x63\x6f"
  "\x75\x6e\x74\x3a\x30\x20\x7d\x3b\x0a\x6c\x65\x74\x20\x46\x49\x4c"
  "\x45\x53\x20\x3d\x20\x7b\x20\x67\x72\x6f\x75\x70\x73\x3a\x20\x5b"
  "\x5d\x2c\x20\x63\x6f\x75\x6e\x74\x3a\x30\x2c\x20\x74\x6f\x74\x61"
  "\x6c\x53\x69\x7a\x65\x3a\x30\x20\x7d\x3b\x0a\x6c\x65\x74\x20\x66"
  "\x53\x74\x61\x74\x75\x73\x20\x3d\x20\x27\x27\x2c\x20\x66\x47\x72"
  "\x6f\x75\x70\x20\x3d\x20\x27\x27\x2c\x20\x66\x51\x75\x65\x72\x79"
  "\x20\x3d\x20\x27\x27\x3b\x0a\x6c\x65\x74\x20\x71\x42\x75\x63\x6b"
  "\x65\x74\x20\x3d\x20\x27\x70\x65\x6e\x64\x69\x6e\x67\x27\x2c\x20"
  "\x71\x51\x75\x65\x72\x79\x20\x3d\x20\x27\x27\x3b\x0a\x6c\x65\x74"
  "\x20\x64\x69\x73\x6b\x54\x69\x6d\x65\x72\x20\x3d\x20\x6e\x75\x6c"
  "\x6c\x3b\x0a\x0a\x2f\x2a\x20\x2d\x2d\x2d\x2d\x2d\x2d\x2d\x2d\x2d"
  "\x2d\x2d\x2d\x2d\x2d\x2d\x2d\x20\x74\x61\x62\x20\xe5\x88\x87\xe6"
  "\x8d\xa2\x20\x2d\x2d\x2d\x2d\x2d\x2d\x2d\x2d\x2d\x2d\x2d\x2d\x2d"
  "\x2d\x2d\x2d\x20\x2a\x2f\x0a\x64\x6f\x63\x75\x6d\x65\x6e\x74\x2e"
  "\x71\x75\x65\x72\x79\x53\x65\x6c\x65\x63\x74\x6f\x72\x41\x6c\x6c"
  "\x28\x27\x6e\x61\x76\x2e\x74\x61\x62\x73\x20\x62\x75\x74\x74\x6f"
  "\x6e\x27\x29\x2e\x66\x6f\x72\x45\x61\x63\x68\x28\x62\x20\x3d\x3e"
  "\x20\x62\x2e\x6f\x6e\x63\x6c\x69\x63\x6b\x20\x3d\x20\x28\x29\x20"
  "\x3d\x3e\x20\x7b\x0a\x20\x20\x64\x6f\x63\x75\x6d\x65\x6e\x74\x2e"
  "\x71\x75\x65\x72\x79\x53\x65\x6c\x65\x63\x74\x6f\x72\x41\x6c\x6c"
  "\x28\x27\x6e\x61\x76\x2e\x74\x61\x62\x73\x20\x62\x75\x74\x74\x6f"
  "\x6e\x27\x29\x2e\x66\x6f\x72\x45\x61\x63\x68\x28\x78\x20\x3d\x3e"
  "\x20\x78\x2e\x63\x6c\x61\x73\x73\x4c\x69\x73\x74\x2e\x74\x6f\x67"
  "\x67\x6c\x65\x28\x27\x6f\x6e\x27\x2c\x20\x78\x20\x3d\x3d\x3d\x20"
  "\x62\x29\x29\x3b\x0a\x20\x20\x63\x6f\x6e\x73\x74\x20\x74\x20\x3d"
  "\x20\x62\x2e\x64\x61\x74\x61\x73\x65\x74\x2e\x74\x61\x62\x3b\x0a"
  "\x20\x20\x64\x6f\x63\x75\x6d\x65\x6e\x74\x2e\x67\x65\x74\x45\x6c"
  "\x65\x6d\x65\x6e\x74\x42\x79\x49\x64\x28\x27\x74\x61\x62\x2d\x72"
  "\x65\x63\x27\x29\x2e\x68\x69\x64\x64\x65\x6e\x20\x3d\x20\x74\x20"
  "\x21\x3d\x3d\x20\x27\x72\x65\x63\x27\x3b\x0a\x20\x20\x64\x6f\x63"
  "\x75\x6d\x65\x6e\x74\x2e\x67\x65\x74\x45\x6c\x65\x6d\x65\x6e\x74"
  "\x42\x79\x49\x64\x28\x27\x74\x61\x62\x2d\x6c\x6f\x63\x27\x29\x2e"
  "\x68\x69\x64\x64\x65\x6e\x20\x3d\x20\x74\x20\x21\x3d\x3d\x20\x27"
  "\x6c\x6f\x63\x27\x3b\x0a\x20\x20\x64\x6f\x63\x75\x6d\x65\x6e\x74"
  "\x2e\x67\x65\x74\x45\x6c\x65\x6d\x65\x6e\x74\x42\x79\x49\x64\x28"
  "\x27\x74\x61\x62\x2d\x64\x6c\x27\x29\x2e\x68\x69\x64\x64\x65\x6e"
  "\x20\x3d\x20\x74\x20\x21\x3d\x3d\x20\x27\x64\x6c\x27\x3b\x0a\x20"
  "\x20\x64\x6f\x63\x75\x6d\x65\x6e\x74\x2e\x67\x65\x74\x45\x6c\x65"
  "\x6d\x65\x6e\x74\x42\x79\x49\x64\x28\x27\x66\x6f\x6f\x74\x27\x29"
  "\x2e\x68\x69\x64\x64\x65\x6e\x20\x3d\x20\x74\x20\x3d\x3d\x3d\x20"
  "\x27\x72\x65\x63\x27\x3b\x0a\x20\x20\x64\x6f\x63\x75\x6d\x65\x6e"
  "\x74\x2e\x67\x65\x74\x45\x6c\x65\x6d\x65\x6e\x74\x42\x79\x49\x64"
  "\x28\x27\x66\x6f\x6f\x74\x2d\x6c\x6f\x63\x27\x29\x2e\x68\x69\x64"
  "\x64\x65\x6e\x20\x3d\x20\x74\x20\x21\x3d\x3d\x20\x27\x6c\x6f\x63"
  "\x27\x3b\x0a\x20\x20\x64\x6f\x63\x75\x6d\x65\x6e\x74\x2e\x67\x65"
  "\x74\x45\x6c\x65\x6d\x65\x6e\x74\x42\x79\x49\x64\x28\x27\x66\x6f"
  "\x6f\x74\x2d\x64\x6c\x27\x29\x2e\x68\x69\x64\x64\x65\x6e\x20\x3d"
  "\x20\x74\x20\x21\x3d\x3d\x20\x27\x64\x6c\x27\x3b\x0a\x20\x20\x73"
  "\x79\x6e\x63\x53\x65\x6c\x28\x29\x3b\x0a\x7d\x29\x3b\x0a\x0a\x2f"
  "\x2a\x20\x2d\x2d\x2d\x2d\x2d\x2d\x2d\x2d\x2d\x2d\x2d\x2d\x2d\x2d"
  "\x2d\x2d\x20\x41\xef\xbc\x9a\xe8\xa7\x86\xe9\xa2\x91\xe6\xb8\x85"
  "\xe5\x8d\x95\x20\x2d\x2d\x2d\x2d\x2d\x2d\x2d\x2d\x2d\x2d\x2d\x2d"
  "\x2d\x2d\x2d\x2d\x20\x2a\x2f\x0a\x66\x75\x6e\x63\x74\x69\x6f\x6e"
  "\x20\x72\x65\x6e\x64\x65\x72\x52\x65\x63\x6f\x72\x64\x73\x28\x29"
  "\x7b\x0a\x20\x20\x63\x6f\x6e\x73\x74\x20\x62\x6f\x78\x20\x3d\x20"
  "\x64\x6f\x63\x75\x6d\x65\x6e\x74\x2e\x67\x65\x74\x45\x6c\x65\x6d"
  "\x65\x6e\x74\x42\x79\x49\x64\x28\x27\x72\x65\x63\x2d\x6c\x69\x73"
  "\x74\x27\x29\x3b\x0a\x20\x20\x63\x6f\x6e\x73\x74\x20\x71\x20\x3d"
  "\x20\x66\x51\x75\x65\x72\x79\x2e\x74\x72\x69\x6d\x28\x29\x2e\x74"
  "\x6f\x4c\x6f\x77\x65\x72\x43\x61\x73\x65\x28\x29\x3b\x0a\x20\x20"
  "\x63\x6f\x6e\x73\x74\x20\x72\x6f\x77\x73\x20\x3d\x20\x52\x45\x43"
  "\x2e\x72\x65\x63\x6f\x72\x64\x73\x2e\x66\x69\x6c\x74\x65\x72\x28"
  "\x72\x20\x3d\x3e\x0a\x20\x20\x20\x20\x28\x21\x66\x53\x74\x61\x74"
  "\x75\x73\x20\x7c\x7c\x20\x72\x2e\x73\x74\x61\x74\x75\x73\x20\x3d"
  "\x3d\x3d\x20\x66\x53\x74\x61\x74\x75\x73\x29\x20\x26\x26\x0a\x20"
  "\x20\x20\x20\x28\x21\x66\x47\x72\x6f\x75\x70\x20\x7c\x7c\x20\x72"
  "\x2e\x67\x72\x6f\x75\x70\x4b\x65\x79\x20\x3d\x3d\x3d\x20\x66\x47"
  "\x72\x6f\x75\x70\x29\x20\x26\x26\x0a\x20\x20\x20\x20\x28\x21\x71"
  "\x20\x7c\x7c\x20\x28\x72\x2e\x6e\x61\x6d\x65\x20\x2b\x20\x27\x20"
  "\x27\x20\x2b\x20\x72\x2e\x75\x70\x70\x65\x72\x20\x2b\x20\x27\x20"
  "\x27\x20\x2b\x20\x72\x2e\x62\x76\x69\x64\x20\x2b\x20\x27\x20\x27"
  "\x20\x2b\x20\x72\x2e\x66\x6f\x6c\x64\x65\x72\x29\x2e\x74\x6f\x4c"
  "\x6f\x77\x65\x72\x43\x61\x73\x65\x28\x29\x2e\x69\x6e\x63\x6c\x75"
  "\x64\x65\x73\x28\x71\x29\x29\x0a\x20\x20\x29\x3b\x0a\x20\x20\x69"
  "\x66\x28\x21\x72\x6f\x77\x73\x2e\x6c\x65\x6e\x67\x74\x68\x29\x7b"
  "\x20\x62\x6f\x78\x2e\x69\x6e\x6e\x65\x72\x48\x54\x4d\x4c\x20\x3d"
  "\x20\x27\x3c\x64\x69\x76\x20\x63\x6c\x61\x73\x73\x3d\x22\x65\x6d"
  "\x70\x74\x79\x22\x3e\xe6\xb2\xa1\xe6\x9c\x89\xe5\x8c\xb9\xe9\x85"
  "\x8d\xe7\x9a\x84\xe8\xae\xb0\xe5\xbd\x95\x3c\x2f\x64\x69\x76\x3e"
  "\x27\x3b\x20\x72\x65\x74\x75\x72\x6e\x3b\x20\x7d\x0a\x20\x20\x62"
  "\x6f\x78\x2e\x69\x6e\x6e\x65\x72\x48\x54\x4d\x4c\x20\x3d\x20\x72"
  "\x6f\x77\x73\x2e\x6d\x61\x70\x28\x72\x20\x3d\x3e\x20\x60\x0a\x20"
  "\x20\x20\x20\x3c\x64\x69\x76\x20\x63\x6c\x61\x73\x73\x3d\x22\x72"
  "\x6f\x77\x22\x3e\x0a\x20\x20\x20\x20\x20\x20\x3c\x73\x70\x61\x6e"
  "\x20\x63\x6c\x61\x73\x73\x3d\x22\x70\x69\x6c\x6c\x20\x73\x2d\x24"
  "\x7b\x72\x2e\x73\x74\x61\x74\x75\x73\x7d\x22\x20\x74\x69\x74\x6c"
  "\x65\x3d\x22\x24\x7b\x65\x73\x63\x28\x53\x54\x41\x54\x55\x53\x5f"
  "\x44\x45\x53\x43\x5b\x72\x2e\x73\x74\x61\x74\x75\x73\x5d\x20\x7c"
  "\x7c\x20\x27\x27\x29\x7d\x22\x3e\x24\x7b\x53\x54\x41\x54\x55\x53"
  "\x5f\x54\x45\x58\x54\x5b\x72\x2e\x73\x74\x61\x74\x75\x73\x5d\x20"
  "\x7c\x7c\x20\x72\x2e\x73\x74\x61\x74\x75\x73\x7d\x3c\x2f\x73\x70"
  "\x61\x6e\x3e\x0a\x20\x20\x20\x20\x20\x20\x3c\x64\x69\x76\x20\x63"
  "\x6c\x61\x73\x73\x3d\x22\x6d\x61\x69\x6e\x22\x3e\x0a\x20\x20\x20"
  "\x20\x20\x20\x20\x20\x3c\x64\x69\x76\x20\x63\x6c\x61\x73\x73\x3d"
  "\x22\x74\x69\x74\x6c\x65\x22\x3e\x24\x7b\x65\x73\x63\x28\x72\x2e"
  "\x6e\x61\x6d\x65\x29\x7d\x24\x7b\x72\x2e\x77\x61\x6e\x74\x20\x3f"
  "\x20\x27\x27\x20\x3a\x20\x27\x3c\x73\x70\x61\x6e\x20\x63\x6c\x61"
  "\x73\x73\x3d\x22\x74\x61\x67\x22\x20\x74\x69\x74\x6c\x65\x3d\x22"
  "\xe5\x9c\xa8\xe4\xb8\x8b\xe8\xbd\xbd\xe5\x88\x97\xe8\xa1\xa8\xe9"
  "\x87\x8c\xe8\xa2\xab\xe6\xa0\x87\xe6\x88\x90\xe4\xb8\x8d\xe4\xb8"
  "\x8b\x22\x3e\xe4\xb8\x8d\xe4\xb8\x8b\x3c\x2f\x73\x70\x61\x6e\x3e"
  "\x27\x7d\x3c\x2f\x64\x69\x76\x3e\x0a\x20\x20\x20\x20\x20\x20\x20"
  "\x20\x3c\x64\x69\x76\x20\x63\x6c\x61\x73\x73\x3d\x22\x6d\x65\x74"
  "\x61\x22\x3e\x24\x7b\x65\x73\x63\x28\x72\x2e\x67\x72\x6f\x75\x70"
  "\x29\x7d\x20\xc2\xb7\x20\x24\x7b\x65\x73\x63\x28\x72\x2e\x75\x70"
  "\x70\x65\x72\x29\x7d\x20\xc2\xb7\x20\x24\x7b\x65\x73\x63\x28\x72"
  "\x2e\x62\x76\x69\x64\x29\x7d\x20\xc2\xb7\x20\xe5\x88\x86\xe9\xa1"
  "\xb5\x20\x24\x7b\x72\x2e\x70\x72\x65\x73\x65\x6e\x74\x7d\x2f\x24"
  "\x7b\x72\x2e\x70\x61\x67\x65\x73\x7d\x24\x7b\x72\x2e\x77\x69\x74"
  "\x68\x50\x61\x74\x68\x20\x3c\x20\x72\x2e\x70\x61\x67\x65\x73\x20"
  "\x3f\x20\x27\xef\xbc\x88\x27\x20\x2b\x20\x28\x72\x2e\x70\x61\x67"
  "\x65\x73\x20\x2d\x20\x72\x2e\x77\x69\x74\x68\x50\x61\x74\x68\x29"
  "\x20\x2b\x20\x27\x20\xe9\xa1\xb5\xe6\x9c\xaa\xe8\x90\xbd\xe7\x9b"
  "\x98\xef\xbc\x89\x27\x20\x3a\x20\x27\x27\x7d\x24\x7b\x72\x2e\x73"
  "\x69\x7a\x65\x20\x3f\x20\x27\x20\xc2\xb7\x20\x27\x20\x2b\x20\x66"
  "\x6d\x74\x53\x69\x7a\x65\x28\x72\x2e\x73\x69\x7a\x65\x29\x20\x3a"
  "\x20\x27\x27\x7d\x3c\x2f\x64\x69\x76\x3e\x0a\x20\x20\x20\x20\x20"
  "\x20\x20\x20\x3c\x64\x69\x76\x20\x63\x6c\x61\x73\x73\x3d\x22\x6d"
  "\x65\x74\x61\x20\x67\x68\x6f\x73\x74\x22\x3e\x24\x7b\x65\x73\x63"
  "\x28\x72\x2e\x66\x6f\x6c\x64\x65\x72\x29\x7d\x3c\x2f\x64\x69\x76"
  "\x3e\x0a\x20\x20\x20\x20\x20\x20\x3c\x2f\x64\x69\x76\x3e\x0a\x20"
  "\x20\x20\x20\x20\x20\x3c\x64\x69\x76\x20\x63\x6c\x61\x73\x73\x3d"
  "\x22\x72\x69\x67\x68\x74\x22\x3e\x24\x7b\x72\x2e\x73\x74\x61\x74"
  "\x75\x73\x20\x3d\x3d\x3d\x20\x27\x6e\x6f\x70\x61\x67\x65\x73\x27"
  "\x20\x3f\x20\x27\xe6\x97\xa0\xe5\x88\x86\xe9\xa1\xb5\xe8\xa1\x8c"
  "\x27\x0a\x20\x20\x20\x20\x20\x20\x20\x20\x20\x20\x3a\x20\x72\x2e"
  "\x73\x74\x61\x74\x75\x73\x20\x3d\x3d\x3d\x20\x27\x75\x6e\x64\x6f"
  "\x77\x6e\x6c\x6f\x61\x64\x65\x64\x27\x20\x3f\x20\x27\xe8\xbf\x98"
  "\xe6\xb2\xa1\xe4\xb8\x8b\xe8\xbf\x87\x27\x0a\x20\x20\x20\x20\x20"
  "\x20\x20\x20\x20\x20\x3a\x20\x72\x2e\x70\x72\x65\x73\x65\x6e\x74"
  "\x20\x3d\x3d\x3d\x20\x30\x20\x3f\x20\x27\xe6\x96\x87\xe4\xbb\xb6"
  "\xe6\xb2\xa1\xe4\xba\x86\x27\x0a\x20\x20\x20\x20\x20\x20\x20\x20"
  "\x20\x20\x3a\x20\x72\x2e\x70\x72\x65\x73\x65\x6e\x74\x20\x3d\x3d"
  "\x3d\x20\x72\x2e\x70\x61\x67\x65\x73\x20\x3f\x20\x27\xe6\x96\x87"
  "\xe4\xbb\xb6\xe9\xbd\x90\x27\x0a\x20\x20\x20\x20\x20\x20\x20\x20"
  "\x20\x20\x3a\x20\x27\xe7\xbc\xba\x20\x27\x20\x2b\x20\x28\x72\x2e"
  "\x70\x61\x67\x65\x73\x20\x2d\x20\x72\x2e\x70\x72\x65\x73\x65\x6e"
  "\x74\x29\x20\x2b\x20\x27\x20\xe4\xb8\xaa\x27\x7d\x3c\x2f\x64\x69"
  "\x76\x3e\x0a\x20\x20\x20\x20\x3c\x2f\x64\x69\x76\x3e\x60\x29\x2e"
  "\x6a\x6f\x69\x6e\x28\x27\x27\x29\x3b\x0a\x7d\x0a\x0a\x66\x75\x6e"
  "\x63\x74\x69\x6f\x6e\x20\x66\x69\x6c\x6c\x47\x72\x6f\x75\x70\x53"
  "\x65\x6c\x65\x63\x74\x28\x29\x7b\x0a\x20\x20\x63\x6f\x6e\x73\x74"
  "\x20\x73\x65\x6c\x20\x3d\x20\x64\x6f\x63\x75\x6d\x65\x6e\x74\x2e"
  "\x67\x65\x74\x45\x6c\x65\x6d\x65\x6e\x74\x42\x79\x49\x64\x28\x27"
  "\x66\x2d\x67\x72\x6f\x75\x70\x27\x29\x3b\x0a\x20\x20\x63\x6f\x6e"
  "\x73\x74\x20\x73\x65\x65\x6e\x20\x3d\x20\x6e\x65\x77\x20\x4d\x61"
  "\x70\x28\x29\x3b\x0a\x20\x20\x52\x45\x43\x2e\x72\x65\x63\x6f\x72"
  "\x64\x73\x2e\x66\x6f\x72\x45\x61\x63\x68\x28\x72\x20\x3d\x3e\x20"
  "\x7b\x20\x69\x66\x28\x21\x73\x65\x65\x6e\x2e\x68\x61\x73\x28\x72"
  "\x2e\x67\x72\x6f\x75\x70\x4b\x65\x79\x29\x29\x20\x73\x65\x65\x6e"
  "\x2e\x73\x65\x74\x28\x72\x2e\x67\x72\x6f\x75\x70\x4b\x65\x79\x2c"
  "\x20\x7b\x20\x6c\x61\x62\x65\x6c\x3a\x72\x2e\x67\x72\x6f\x75\x70"
  "\x2c\x20\x6e\x3a\x30\x20\x7d\x29\x3b\x20\x73\x65\x65\x6e\x2e\x67"
  "\x65\x74\x28\x72\x2e\x67\x72\x6f\x75\x70\x4b\x65\x79\x29\x2e\x6e"
  "\x2b\x2b\x3b\x20\x7d\x29\x3b\x0a\x20\x20\x63\x6f\x6e\x73\x74\x20"
  "\x6f\x70\x74\x73\x20\x3d\x20\x5b\x27\x3c\x6f\x70\x74\x69\x6f\x6e"
  "\x20\x76\x61\x6c\x75\x65\x3d\x22\x22\x3e\xe5\x85\xa8\xe9\x83\xa8"
  "\xe6\x9d\xa5\xe6\xba\x90\x3c\x2f\x6f\x70\x74\x69\x6f\x6e\x3e\x27"
  "\x5d\x2e\x63\x6f\x6e\x63\x61\x74\x28\x0a\x20\x20\x20\x20\x5b\x2e"
  "\x2e\x2e\x73\x65\x65\x6e\x2e\x65\x6e\x74\x72\x69\x65\x73\x28\x29"
  "\x5d\x2e\x6d\x61\x70\x28\x28\x5b\x6b\x2c\x76\x5d\x29\x20\x3d\x3e"
  "\x20\x60\x3c\x6f\x70\x74\x69\x6f\x6e\x20\x76\x61\x6c\x75\x65\x3d"
  "\x22\x24\x7b\x65\x73\x63\x28\x6b\x29\x7d\x22\x3e\x24\x7b\x65\x73"
  "\x63\x28\x76\x2e\x6c\x61\x62\x65\x6c\x29\x7d\xef\xbc\x88\x24\x7b"
  "\x76\x2e\x6e\x7d\xef\xbc\x89\x3c\x2f\x6f\x70\x74\x69\x6f\x6e\x3e"
  "\x60\x29\x29\x3b\x0a\x20\x20\x73\x65\x6c\x2e\x69\x6e\x6e\x65\x72"
  "\x48\x54\x4d\x4c\x20\x3d\x20\x6f\x70\x74\x73\x2e\x6a\x6f\x69\x6e"
  "\x28\x27\x27\x29\x3b\x0a\x20\x20\x73\x65\x6c\x2e\x76\x61\x6c\x75"
  "\x65\x20\x3d\x20\x66\x47\x72\x6f\x75\x70\x3b\x0a\x7d\x0a\x0a\x2f"
  "\x2a\x20\x2d\x2d\x2d\x2d\x2d\x2d\x2d\x2d\x2d\x2d\x2d\x2d\x2d\x2d"
  "\x2d\x2d\x20\x43\xef\xbc\x9a\xe4\xb8\x8b\xe8\xbd\xbd\xe5\x88\x97"
  "\xe8\xa1\xa8\x20\x2d\x2d\x2d\x2d\x2d\x2d\x2d\x2d\x2d\x2d\x2d\x2d"
  "\x2d\x2d\x2d\x2d\x20\x2a\x2f\x0a\x66\x75\x6e\x63\x74\x69\x6f\x6e"
  "\x20\x72\x65\x6e\x64\x65\x72\x51\x75\x65\x75\x65\x28\x29\x7b\x0a"
  "\x20\x20\x63\x6f\x6e\x73\x74\x20\x62\x6f\x78\x20\x3d\x20\x64\x6f"
  "\x63\x75\x6d\x65\x6e\x74\x2e\x67\x65\x74\x45\x6c\x65\x6d\x65\x6e"
  "\x74\x42\x79\x49\x64\x28\x27\x64\x6c\x2d\x6c\x69\x73\x74\x27\x29"
  "\x3b\x0a\x20\x20\x63\x6f\x6e\x73\x74\x20\x71\x20\x3d\x20\x71\x51"
  "\x75\x65\x72\x79\x2e\x74\x72\x69\x6d\x28\x29\x2e\x74\x6f\x4c\x6f"
  "\x77\x65\x72\x43\x61\x73\x65\x28\x29\x3b\x0a\x20\x20\x63\x6f\x6e"
  "\x73\x74\x20\x72\x6f\x77\x73\x20\x3d\x20\x52\x45\x43\x2e\x72\x65"
  "\x63\x6f\x72\x64\x73\x2e\x66\x69\x6c\x74\x65\x72\x28\x72\x20\x3d"
  "\x3e\x0a\x20\x20\x20\x20\x72\x2e\x62\x75\x63\x6b\x65\x74\x20\x3d"
  "\x3d\x3d\x20\x71\x42\x75\x63\x6b\x65\x74\x20\x26\x26\x0a\x20\x20"
  "\x20\x20\x28\x21\x71\x20\x7c\x7c\x20\x28\x72\x2e\x6e\x61\x6d\x65"
  "\x20\x2b\x20\x27\x20\x27\x20\x2b\x20\x72\x2e\x75\x70\x70\x65\x72"
  "\x20\x2b\x20\x27\x20\x27\x20\x2b\x20\x72\x2e\x62\x76\x69\x64\x29"
  "\x2e\x74\x6f\x4c\x6f\x77\x65\x72\x43\x61\x73\x65\x28\x29\x2e\x69"
  "\x6e\x63\x6c\x75\x64\x65\x73\x28\x71\x29\x29\x0a\x20\x20\x29\x3b"
  "\x0a\x20\x20\x69\x66\x28\x21\x72\x6f\x77\x73\x2e\x6c\x65\x6e\x67"
  "\x74\x68\x29\x7b\x20\x62\x6f\x78\x2e\x69\x6e\x6e\x65\x72\x48\x54"
  "\x4d\x4c\x20\x3d\x20\x27\x3c\x64\x69\x76\x20\x63\x6c\x61\x73\x73"
  "\x3d\x22\x65\x6d\x70\x74\x79\x22\x3e\xe8\xbf\x99\xe4\xb8\x80\xe6"
  "\xa1\xa3\xe6\x98\xaf\xe7\xa9\xba\xe7\x9a\x84\x3c\x2f\x64\x69\x76"
  "\x3e\x27\x3b\x20\x73\x79\x6e\x63\x53\x65\x6c\x28\x29\x3b\x20\x72"
  "\x65\x74\x75\x72\x6e\x3b\x20\x7d\x0a\x20\x20\x62\x6f\x78\x2e\x69"
  "\x6e\x6e\x65\x72\x48\x54\x4d\x4c\x20\x3d\x20\x72\x6f\x77\x73\x2e"
  "\x6d\x61\x70\x28\x72\x20\x3d\x3e\x20\x60\x0a\x20\x20\x20\x20\x3c"
  "\x64\x69\x76\x20\x63\x6c\x61\x73\x73\x3d\x22\x72\x6f\x77\x22\x3e"
  "\x0a\x20\x20\x20\x20\x20\x20\x3c\x6c\x61\x62\x65\x6c\x20\x63\x6c"
  "\x61\x73\x73\x3d\x22\x63\x62\x22\x3e\x3c\x69\x6e\x70\x75\x74\x20"
  "\x74\x79\x70\x65\x3d\x22\x63\x68\x65\x63\x6b\x62\x6f\x78\x22\x20"
  "\x63\x6c\x61\x73\x73\x3d\x22\x64\x70\x69\x63\x6b\x22\x20\x76\x61"
  "\x6c\x75\x65\x3d\x22\x24\x7b\x72\x2e\x69\x64\x7d\x22\x3e\x3c\x2f"
  "\x6c\x61\x62\x65\x6c\x3e\x0a\x20\x20\x20\x20\x20\x20\x3c\x73\x70"
  "\x61\x6e\x20\x63\x6c\x61\x73\x73\x3d\x22\x70\x69\x6c\x6c\x20\x24"
  "\x7b\x42\x55\x43\x4b\x45\x54\x5f\x43\x4c\x41\x53\x53\x5b\x72\x2e"
  "\x62\x75\x63\x6b\x65\x74\x5d\x7d\x22\x20\x74\x69\x74\x6c\x65\x3d"
  "\x22\x24\x7b\x65\x73\x63\x28\x42\x55\x43\x4b\x45\x54\x5f\x44\x45"
  "\x53\x43\x5b\x72\x2e\x62\x75\x63\x6b\x65\x74\x5d\x20\x7c\x7c\x20"
  "\x27\x27\x29\x7d\x22\x3e\x24\x7b\x42\x55\x43\x4b\x45\x54\x5f\x54"
  "\x45\x58\x54\x5b\x72\x2e\x62\x75\x63\x6b\x65\x74\x5d\x20\x7c\x7c"
  "\x20\x72\x2e\x62\x75\x63\x6b\x65\x74\x7d\x3c\x2f\x73\x70\x61\x6e"
  "\x3e\x0a\x20\x20\x20\x20\x20\x20\x3c\x64\x69\x76\x20\x63\x6c\x61"
  "\x73\x73\x3d\x22\x6d\x61\x69\x6e\x22\x3e\x0a\x20\x20\x20\x20\x20"
  "\x20\x20\x20\x3c\x64\x69\x76\x20\x63\x6c\x61\x73\x73\x3d\x22\x74"
  "\x69\x74\x6c\x65\x22\x3e\x24\x7b\x65\x73\x63\x28\x72\x2e\x6e\x61"
  "\x6d\x65\x29\x7d\x3c\x2f\x64\x69\x76\x3e\x0a\x20\x20\x20\x20\x20"
  "\x20\x20\x20\x3c\x64\x69\x76\x20\x63\x6c\x61\x73\x73\x3d\x22\x6d"
  "\x65\x74\x61\x22\x3e\x24\x7b\x65\x73\x63\x28\x72\x2e\x67\x72\x6f"
  "\x75\x70\x29\x7d\x20\xc2\xb7\x20\x24\x7b\x65\x73\x63\x28\x72\x2e"
  "\x75\x70\x70\x65\x72\x29\x7d\x20\xc2\xb7\x20\x24\x7b\x65\x73\x63"
  "\x28\x72\x2e\x62\x76\x69\x64\x29\x7d\x20\xc2\xb7\x20\xe5\x88\x86"
  "\xe9\xa1\xb5\x20\x24\x7b\x72\x2e\x70\x72\x65\x73\x65\x6e\x74\x7d"
  "\x2f\x24\x7b\x72\x2e\x70\x61\x67\x65\x73\x7d\x20\xe5\x9c\xa8\xe7"
  "\x9b\x98\x24\x7b\x72\x2e\x73\x69\x7a\x65\x20\x3f\x20\x27\x20\xc2"
  "\xb7\x20\x27\x20\x2b\x20\x66\x6d\x74\x53\x69\x7a\x65\x28\x72\x2e"
  "\x73\x69\x7a\x65\x29\x20\x3a\x20\x27\x27\x7d\x3c\x2f\x64\x69\x76"
  "\x3e\x0a\x20\x20\x20\x20\x20\x20\x3c\x2f\x64\x69\x76\x3e\x0a\x20"
  "\x20\x20\x20\x20\x20\x3c\x64\x69\x76\x20\x63\x6c\x61\x73\x73\x3d"
  "\x22\x72\x69\x67\x68\x74\x22\x3e\x24\x7b\x72\x2e\x62\x75\x63\x6b"
  "\x65\x74\x20\x3d\x3d\x3d\x20\x27\x64\x6f\x6e\x65\x27\x20\x3f\x20"
  "\x27\xe4\xb8\x8b\xe8\xbf\x87\x27\x0a\x20\x20\x20\x20\x20\x20\x20"
  "\x20\x20\x20\x3a\x20\x72\x2e\x62\x75\x63\x6b\x65\x74\x20\x3d\x3d"
  "\x3d\x20\x27\x6f\x66\x66\x27\x20\x3f\x20\x27\xe4\xb8\x8d\xe4\xb8"
  "\x8b\x27\x0a\x20\x20\x20\x20\x20\x20\x20\x20\x20\x20\x3a\x20\x72"
  "\x2e\x70\x61\x67\x65\x73\x20\x3d\x3d\x3d\x20\x30\x20\x3f\x20\x27"
  "\xe5\xbe\x85\xe6\x8a\x93\xe5\x88\x86\xe9\xa1\xb5\x27\x0a\x20\x20"
  "\x20\x20\x20\x20\x20\x20\x20\x20\x3a\x20\x27\xe8\xbf\x98\xe6\x9c"
  "\x89\x20\x27\x20\x2b\x20\x28\x72\x2e\x70\x61\x67\x65\x73\x20\x2d"
  "\x20\x72\x2e\x77\x69\x74\x68\x50\x61\x74\x68\x29\x20\x2b\x20\x27"
  "\x20\xe9\xa1\xb5\xe6\xb2\xa1\xe4\xb8\x8b\x27\x7d\x3c\x2f\x64\x69"
  "\x76\x3e\x0a\x20\x20\x20\x20\x3c\x2f\x64\x69\x76\x3e\x60\x29\x2e"
  "\x6a\x6f\x69\x6e\x28\x27\x27\x29\x3b\x0a\x20\x20\x62\x6f\x78\x2e"
  "\x71\x75\x65\x72\x79\x53\x65\x6c\x65\x63\x74\x6f\x72\x41\x6c\x6c"
  "\x28\x27\x2e\x64\x70\x69\x63\x6b\x27\x29\x2e\x66\x6f\x72\x45\x61"
  "\x63\x68\x28\x63\x62\x20\x3d\x3e\x20\x63\x62\x2e\x6f\x6e\x63\x68"
  "\x61\x6e\x67\x65\x20\x3d\x20\x73\x79\x6e\x63\x53\x65\x6c\x29\x3b"
  "\x0a\x20\x20\x73\x79\x6e\x63\x53\x65\x6c\x28\x29\x3b\x0a\x7d\x0a"
  "\x0a\x66\x75\x6e\x63\x74\x69\x6f\x6e\x20\x70\x69\x63\x6b\x65\x64"
  "\x51\x28\x29\x7b\x0a\x20\x20\x72\x65\x74\x75\x72\x6e\x20\x5b\x2e"
  "\x2e\x2e\x64\x6f\x63\x75\x6d\x65\x6e\x74\x2e\x71\x75\x65\x72\x79"
  "\x53\x65\x6c\x65\x63\x74\x6f\x72\x41\x6c\x6c\x28\x27\x23\x64\x6c"
  "\x2d\x6c\x69\x73\x74\x20\x2e\x64\x70\x69\x63\x6b\x3a\x63\x68\x65"
  "\x63\x6b\x65\x64\x27\x29\x5d\x2e\x6d\x61\x70\x28\x63\x20\x3d\x3e"
  "\x20\x4e\x75\x6d\x62\x65\x72\x28\x63\x2e\x76\x61\x6c\x75\x65\x29"
  "\x29\x3b\x0a\x7d\x0a\x0a\x66\x75\x6e\x63\x74\x69\x6f\x6e\x20\x73"
  "\x79\x6e\x63\x53\x65\x6c\x28\x29\x7b\x0a\x20\x20\x63\x6f\x6e\x73"
  "\x74\x20\x71\x73\x65\x6c\x20\x3d\x20\x70\x69\x63\x6b\x65\x64\x51"
  "\x28\x29\x3b\x0a\x20\x20\x63\x6f\x6e\x73\x74\x20\x71\x61\x6c\x6c"
  "\x20\x3d\x20\x64\x6f\x63\x75\x6d\x65\x6e\x74\x2e\x71\x75\x65\x72"
  "\x79\x53\x65\x6c\x65\x63\x74\x6f\x72\x41\x6c\x6c\x28\x27\x23\x64"
  "\x6c\x2d\x6c\x69\x73\x74\x20\x2e\x64\x70\x69\x63\x6b\x27\x29\x3b"
  "\x0a\x20\x20\x63\x6f\x6e\x73\x74\x20\x6c\x73\x65\x6c\x20\x3d\x20"
  "\x70\x69\x63\x6b\x65\x64\x28\x29\x3b\x0a\x20\x20\x63\x6f\x6e\x73"
  "\x74\x20\x6c\x61\x6c\x6c\x20\x3d\x20\x64\x6f\x63\x75\x6d\x65\x6e"
  "\x74\x2e\x71\x75\x65\x72\x79\x53\x65\x6c\x65\x63\x74\x6f\x72\x41"
  "\x6c\x6c\x28\x27\x23\x6c\x6f\x63\x2d\x6c\x69\x73\x74\x20\x2e\x70"
  "\x69\x63\x6b\x27\x29\x3b\x0a\x0a\x20\x20\x64\x6f\x63\x75\x6d\x65"
  "\x6e\x74\x2e\x67\x65\x74\x45\x6c\x65\x6d\x65\x6e\x74\x42\x79\x49"
  "\x64\x28\x27\x66\x6f\x6f\x74\x2d\x69\x6e\x66\x6f\x27\x29\x2e\x74"
  "\x65\x78\x74\x43\x6f\x6e\x74\x65\x6e\x74\x20\x3d\x0a\x20\x20\x20"
  "\x20\x64\x6f\x63\x75\x6d\x65\x6e\x74\x2e\x67\x65\x74\x45\x6c\x65"
  "\x6d\x65\x6e\x74\x42\x79\x49\x64\x28\x27\x74\x61\x62\x2d\x64\x6c"
  "\x27\x29\x2e\x68\x69\x64\x64\x65\x6e\x0a\x20\x20\x20\x20\x20\x20"
  "\x3f\x20\x28\x6c\x73\x65\x6c\x2e\x6c\x65\x6e\x67\x74\x68\x20\x3f"
  "\x20\x60\xe5\xb7\xb2\xe9\x80\x89\x20\x24\x7b\x6c\x73\x65\x6c\x2e"
  "\x6c\x65\x6e\x67\x74\x68\x7d\x20\xe9\xa1\xb9\x20\xc2\xb7\x20\x24"
  "\x7b\x66\x6d\x74\x53\x69\x7a\x65\x28\x73\x65\x6c\x53\x69\x7a\x65"
  "\x28\x6c\x73\x65\x6c\x29\x29\x7d\x60\x20\x3a\x20\x27\xe6\x9c\xaa"
  "\xe9\x80\x89\x27\x29\x0a\x20\x20\x20\x20\x20\x20\x3a\x20\x28\x71"
  "\x73\x65\x6c\x2e\x6c\x65\x6e\x67\x74\x68\x20\x3f\x20\x60\xe5\xb7"
  "\xb2\xe9\x80\x89\x20\x24\x7b\x71\x73\x65\x6c\x2e\x6c\x65\x6e\x67"
  "\x74\x68\x7d\x20\xe6\x9d\xa1\x60\x20\x3a\x20\x27\xe6\x9c\xaa\xe9"
  "\x80\x89\x27\x29\x3b\x0a\x0a\x20\x20\x63\x6f\x6e\x73\x74\x20\x71"
  "\x61\x20\x3d\x20\x64\x6f\x63\x75\x6d\x65\x6e\x74\x2e\x67\x65\x74"
  "\x45\x6c\x65\x6d\x65\x6e\x74\x42\x79\x49\x64\x28\x27\x71\x2d\x61"
  "\x6c\x6c\x27\x29\x3b\x0a\x20\x20\x69\x66\x28\x71\x61\x29\x20\x71"
  "\x61\x2e\x63\x68\x65\x63\x6b\x65\x64\x20\x3d\x20\x71\x61\x6c\x6c"
  "\x2e\x6c\x65\x6e\x67\x74\x68\x20\x3e\x20\x30\x20\x26\x26\x20\x71"
  "\x73\x65\x6c\x2e\x6c\x65\x6e\x67\x74\x68\x20\x3d\x3d\x3d\x20\x71"
  "\x61\x6c\x6c\x2e\x6c\x65\x6e\x67\x74\x68\x3b\x0a\x20\x20\x5b\x27"
  "\x62\x74\x6e\x2d\x71\x2d\x75\x6e\x77\x61\x6e\x74\x27\x2c\x27\x62"
  "\x74\x6e\x2d\x71\x2d\x77\x61\x6e\x74\x27\x2c\x27\x62\x74\x6e\x2d"
  "\x71\x2d\x72\x65\x64\x6c\x27\x2c\x27\x62\x74\x6e\x2d\x71\x2d\x64"
  "\x65\x6c\x27\x5d\x2e\x66\x6f\x72\x45\x61\x63\x68\x28\x69\x64\x20"
  "\x3d\x3e\x0a\x20\x20\x20\x20\x64\x6f\x63\x75\x6d\x65\x6e\x74\x2e"
  "\x67\x65\x74\x45\x6c\x65\x6d\x65\x6e\x74\x42\x79\x49\x64\x28\x69"
  "\x64\x29\x2e\x64\x69\x73\x61\x62\x6c\x65\x64\x20\x3d\x20\x71\x73"
  "\x65\x6c\x2e\x6c\x65\x6e\x67\x74\x68\x20\x3d\x3d\x3d\x20\x30\x29"
  "\x3b\x0a\x0a\x20\x20\x64\x6f\x63\x75\x6d\x65\x6e\x74\x2e\x67\x65"
  "\x74\x45\x6c\x65\x6d\x65\x6e\x74\x42\x79\x49\x64\x28\x27\x73\x65"
  "\x6c\x2d\x61\x6c\x6c\x27\x29\x2e\x63\x68\x65\x63\x6b\x65\x64\x20"
  "\x3d\x20\x6c\x61\x6c\x6c\x2e\x6c\x65\x6e\x67\x74\x68\x20\x3e\x20"
  "\x30\x20\x26\x26\x20\x6c\x73\x65\x6c\x2e\x6c\x65\x6e\x67\x74\x68"
  "\x20\x3d\x3d\x3d\x20\x6c\x61\x6c\x6c\x2e\x6c\x65\x6e\x67\x74\x68"
  "\x3b\x0a\x20\x20\x64\x6f\x63\x75\x6d\x65\x6e\x74\x2e\x67\x65\x74"
  "\x45\x6c\x65\x6d\x65\x6e\x74\x42\x79\x49\x64\x28\x27\x62\x74\x6e"
  "\x2d\x64\x65\x6c\x27\x29\x2e\x64\x69\x73\x61\x62\x6c\x65\x64\x20"
  "\x3d\x20\x6c\x73\x65\x6c\x2e\x6c\x65\x6e\x67\x74\x68\x20\x3d\x3d"
  "\x3d\x20\x30\x3b\x0a\x20\x20\x64\x6f\x63\x75\x6d\x65\x6e\x74\x2e"
  "\x67\x65\x74\x45\x6c\x65\x6d\x65\x6e\x74\x42\x79\x49\x64\x28\x27"
  "\x6c\x6f\x63\x2d\x69\x6e\x66\x6f\x27\x29\x2e\x74\x65\x78\x74\x43"
  "\x6f\x6e\x74\x65\x6e\x74\x20\x3d\x0a\x20\x20\x20\x20\x60\x24\x7b"
  "\x46\x49\x4c\x45\x53\x2e\x63\x6f\x75\x6e\x74\x7d\x20\xe4\xb8\xaa"
  "\xe8\xa7\x86\xe9\xa2\x91\xe6\x96\x87\xe4\xbb\xb6\xe5\xa4\xb9\x20"
  "\xc2\xb7\x20\xe5\x85\xb1\x20\x24\x7b\x66\x6d\x74\x53\x69\x7a\x65"
  "\x28\x46\x49\x4c\x45\x53\x2e\x74\x6f\x74\x61\x6c\x53\x69\x7a\x65"
  "\x29\x7d\x60\x3b\x0a\x0a\x20\x20\x63\x6f\x6e\x73\x74\x20\x71\x20"
  "\x3d\x20\x52\x45\x43\x2e\x71\x75\x65\x75\x65\x20\x7c\x7c\x20\x7b"
  "\x7d\x3b\x0a\x20\x20\x64\x6f\x63\x75\x6d\x65\x6e\x74\x2e\x67\x65"
  "\x74\x45\x6c\x65\x6d\x65\x6e\x74\x42\x79\x49\x64\x28\x27\x64\x6c"
  "\x2d\x69\x6e\x66\x6f\x27\x29\x2e\x74\x65\x78\x74\x43\x6f\x6e\x74"
  "\x65\x6e\x74\x20\x3d\x0a\x20\x20\x20\x20\x60\xe5\xbe\x85\xe4\xb8"
  "\x8b\xe8\xbd\xbd\x20\x24\x7b\x71\x2e\x70\x65\x6e\x64\x69\x6e\x67"
  "\x7c\x7c\x30\x7d\x20\xc2\xb7\x20\xe5\xb7\xb2\xe4\xb8\x8b\xe8\xbd"
  "\xbd\x20\x24\x7b\x71\x2e\x64\x6f\x6e\x65\x7c\x7c\x30\x7d\x20\xc2"
  "\xb7\x20\xe4\xb8\x8d\xe4\xb8\x8b\x20\x24\x7b\x71\x2e\x6f\x66\x66"
  "\x7c\x7c\x30\x7d\x60\x3b\x0a\x20\x20\x64\x6f\x63\x75\x6d\x65\x6e"
  "\x74\x2e\x71\x75\x65\x72\x79\x53\x65\x6c\x65\x63\x74\x6f\x72\x41"
  "\x6c\x6c\x28\x27\x23\x71\x2d\x62\x75\x63\x6b\x65\x74\x20\x62\x75"
  "\x74\x74\x6f\x6e\x27\x29\x2e\x66\x6f\x72\x45\x61\x63\x68\x28\x62"
  "\x20\x3d\x3e\x20\x7b\x0a\x20\x20\x20\x20\x63\x6f\x6e\x73\x74\x20"
  "\x6e\x20\x3d\x20\x28\x52\x45\x43\x2e\x71\x75\x65\x75\x65\x20\x7c"
  "\x7c\x20\x7b\x7d\x29\x5b\x62\x2e\x64\x61\x74\x61\x73\x65\x74\x2e"
  "\x62\x5d\x20\x7c\x7c\x20\x30\x3b\x0a\x20\x20\x20\x20\x62\x2e\x71"
  "\x75\x65\x72\x79\x53\x65\x6c\x65\x63\x74\x6f\x72\x28\x27\x62\x27"
  "\x29\x2e\x74\x65\x78\x74\x43\x6f\x6e\x74\x65\x6e\x74\x20\x3d\x20"
  "\x6e\x3b\x0a\x20\x20\x7d\x29\x3b\x0a\x7d\x0a\x0a\x61\x73\x79\x6e"
  "\x63\x20\x66\x75\x6e\x63\x74\x69\x6f\x6e\x20\x71\x75\x65\x75\x65"
  "\x41\x63\x74\x69\x6f\x6e\x28\x61\x63\x74\x69\x6f\x6e\x29\x7b\x0a"
  "\x20\x20\x63\x6f\x6e\x73\x74\x20\x69\x64\x73\x20\x3d\x20\x70\x69"
  "\x63\x6b\x65\x64\x51\x28\x29\x3b\x0a\x20\x20\x69\x66\x28\x21\x69"
  "\x64\x73\x2e\x6c\x65\x6e\x67\x74\x68\x29\x20\x72\x65\x74\x75\x72"
  "\x6e\x3b\x0a\x20\x20\x63\x6f\x6e\x73\x74\x20\x6c\x61\x62\x65\x6c"
  "\x20\x3d\x20\x7b\x20\x77\x61\x6e\x74\x3a\x27\xe5\x8a\xa0\xe5\x85"
  "\xa5\xe4\xb8\x8b\xe8\xbd\xbd\xe9\x98\x9f\xe5\x88\x97\x27\x2c\x20"
  "\x75\x6e\x77\x61\x6e\x74\x3a\x27\xe7\xa7\xbb\xe5\x87\xba\xe4\xb8"
  "\x8b\xe8\xbd\xbd\xe9\x98\x9f\xe5\x88\x97\x27\x2c\x20\x64\x65\x6c"
  "\x65\x74\x65\x3a\x27\xe5\x88\xa0\xe9\x99\xa4\xe8\xae\xb0\xe5\xbd"
  "\x95\x27\x2c\x20\x72\x65\x64\x6f\x77\x6e\x6c\x6f\x61\x64\x3a\x27"
  "\xe9\x87\x8d\xe7\xbd\xae\xe5\xb9\xb6\xe9\x87\x8d\xe4\xb8\x8b\x27"
  "\x20\x7d\x5b\x61\x63\x74\x69\x6f\x6e\x5d\x3b\x0a\x20\x20\x63\x6f"
  "\x6e\x73\x74\x20\x65\x78\x74\x72\x61\x20\x3d\x20\x7b\x0a\x20\x20"
  "\x20\x20\x77\x61\x6e\x74\x3a\x20\x27\xe6\x94\xb9\xe6\x88\x90\xe3"
  "\x80\x8c\xe8\xa6\x81\xe4\xb8\x8b\xe3\x80\x8d\xef\xbc\x8c\x62\x69"
  "\x6c\x69\x2d\x73\x79\x6e\x63\x20\xe4\xb8\x8b\xe4\xb8\x80\xe8\xbd"
  "\xae\xe5\xb0\xb1\xe4\xbc\x9a\xe5\x8e\xbb\xe4\xb8\x8b\xe5\xae\x83"
  "\xe4\xbb\xac\xe3\x80\x82\x27\x2c\x0a\x20\x20\x20\x20\x75\x6e\x77"
  "\x61\x6e\x74\x3a\x20\x27\xe6\x94\xb9\xe6\x88\x90\xe3\x80\x8c\xe4"
  "\xb8\x8d\xe4\xb8\x8b\xe3\x80\x8d\xef\xbc\x8c\xe5\x8f\xaa\xe5\x8a"
  "\xa8\xe5\xbc\x80\xe5\x85\xb3\xef\xbc\x9a\xe8\xae\xb0\xe5\xbd\x95"
  "\xe7\x95\x99\xe7\x9d\x80\xe3\x80\x81\xe6\x96\x87\xe4\xbb\xb6\xe4"
  "\xb8\x8d\xe5\x8a\xa8\xef\xbc\x8c\xe9\x9a\x8f\xe6\x97\xb6\xe8\x83"
  "\xbd\xe5\x8a\xa0\xe5\x9b\x9e\xe6\x9d\xa5\xe3\x80\x82\x27\x2c\x0a"
  "\x20\x20\x20\x20\x64\x65\x6c\x65\x74\x65\x3a\x20\x27\xe6\x8a\x8a"
  "\x20\x76\x69\x64\x65\x6f\x20\x2f\x20\x70\x61\x67\x65\x20\xe8\xae"
  "\xb0\xe5\xbd\x95\xe5\x88\xa0\xe6\x8e\x89\xe3\x80\x82\xe7\xa3\x81"
  "\xe7\x9b\x98\xe4\xb8\x8a\xe7\x9a\x84\xe6\x96\x87\xe4\xbb\xb6\xe4"
  "\xb8\x8d\xe5\x8a\xa8\x20\xe2\x80\x94\xe2\x80\x94\x20\xe8\xa6\x81"
  "\xe6\xb8\x85\xe7\x9b\x98\xe5\x8e\xbb\xe3\x80\x8c\xe6\x9c\xac\xe5"
  "\x9c\xb0\xe6\x96\x87\xe4\xbb\xb6\xe3\x80\x8d\xe6\xa0\x8f\xe3\x80"
  "\x82\x27\x2c\x0a\x20\x20\x20\x20\x72\x65\x64\x6f\x77\x6e\x6c\x6f"
  "\x61\x64\x3a\x20\x27\xe6\xb8\x85\xe6\x8e\x89\xe5\x88\x86\xe9\xa1"
  "\xb5\xe8\xae\xb0\xe5\xbd\x95\xe3\x80\x81\xe7\x8a\xb6\xe6\x80\x81"
  "\xe5\xbd\x92\xe9\x9b\xb6\xef\xbc\x8c\xe4\xb8\x8b\xe4\xb8\x80\xe8"
  "\xbd\xae\xe9\x87\x8d\xe6\x96\xb0\xe6\x8a\x93\xe5\x88\x86\xe9\xa1"
  "\xb5\xe5\x86\x8d\xe4\xb8\x8b\xe3\x80\x82\xe7\x9b\x98\xe4\xb8\x8a"
  "\xe5\xb7\xb2\xe6\x9c\x89\xe7\x9a\x84\xe6\x97\xa7\xe6\x96\x87\xe4"
  "\xbb\xb6\xe4\xb8\x8d\xe4\xbc\x9a\xe8\xa2\xab\xe5\x88\xa0\xe3\x80"
  "\x82\x27\x0a\x20\x20\x7d\x5b\x61\x63\x74\x69\x6f\x6e\x5d\x3b\x0a"
  "\x20\x20\x69\x66\x28\x21\x63\x6f\x6e\x66\x69\x72\x6d\x28\x60\x24"
  "\x7b\x6c\x61\x62\x65\x6c\x7d\xef\xbc\x9a\x24\x7b\x69\x64\x73\x2e"
  "\x6c\x65\x6e\x67\x74\x68\x7d\x20\xe6\x9d\xa1\xef\xbc\x9f\x5c\x6e"
  "\x5c\x6e\x24\x7b\x65\x78\x74\x72\x61\x7d\x60\x29\x29\x20\x72\x65"
  "\x74\x75\x72\x6e\x3b\x0a\x20\x20\x74\x72\x79\x7b\x0a\x20\x20\x20"
  "\x20\x63\x6f\x6e\x73\x74\x20\x72\x65\x73\x20\x3d\x20\x61\x77\x61"
  "\x69\x74\x20\x28\x61\x77\x61\x69\x74\x20\x66\x65\x74\x63\x68\x28"
  "\x61\x70\x69\x28\x27\x2f\x61\x70\x69\x2f\x71\x75\x65\x75\x65\x27"
  "\x29\x2c\x20\x7b\x0a\x20\x20\x20\x20\x20\x20\x6d\x65\x74\x68\x6f"
  "\x64\x3a\x27\x50\x4f\x53\x54\x27\x2c\x20\x68\x65\x61\x64\x65\x72"
  "\x73\x3a\x7b\x27\x43\x6f\x6e\x74\x65\x6e\x74\x2d\x54\x79\x70\x65"
  "\x27\x3a\x27\x61\x70\x70\x6c\x69\x63\x61\x74\x69\x6f\x6e\x2f\x6a"
  "\x73\x6f\x6e\x27\x7d\x2c\x0a\x20\x20\x20\x20\x20\x20\x62\x6f\x64"
  "\x79\x3a\x20\x4a\x53\x4f\x4e\x2e\x73\x74\x72\x69\x6e\x67\x69\x66"
  "\x79\x28\x7b\x20\x61\x63\x74\x69\x6f\x6e\x2c\x20\x69\x64\x73\x20"
  "\x7d\x29\x0a\x20\x20\x20\x20\x7d\x29\x29\x2e\x6a\x73\x6f\x6e\x28"
  "\x29\x3b\x0a\x20\x20\x20\x20\x69\x66\x28\x21\x72\x65\x73\x2e\x6f"
  "\x6b\x29\x20\x61\x6c\x65\x72\x74\x28\x27\xe5\xa4\xb1\xe8\xb4\xa5"
  "\xef\xbc\x9a\x27\x20\x2b\x20\x28\x72\x65\x73\x2e\x65\x72\x72\x6f"
  "\x72\x20\x7c\x7c\x20\x27\x27\x29\x29\x3b\x0a\x20\x20\x20\x20\x61"
  "\x77\x61\x69\x74\x20\x6c\x6f\x61\x64\x52\x65\x63\x6f\x72\x64\x73"
  "\x28\x29\x3b\x0a\x20\x20\x7d\x63\x61\x74\x63\x68\x28\x65\x29\x7b"
  "\x20\x61\x6c\x65\x72\x74\x28\x27\xe8\xaf\xb7\xe6\xb1\x82\xe5\xa4"
  "\xb1\xe8\xb4\xa5\xef\xbc\x9a\x27\x20\x2b\x20\x65\x29\x3b\x20\x7d"
  "\x0a\x7d\x0a\x0a\x2f\x2a\x20\x2d\x2d\x2d\x2d\x2d\x2d\x2d\x2d\x2d"
  "\x2d\x2d\x2d\x2d\x2d\x2d\x2d\x20\x42\xef\xbc\x9a\xe6\x9c\xac\xe5"
  "\x9c\xb0\xe6\x96\x87\xe4\xbb\xb6\x20\x2d\x2d\x2d\x2d\x2d\x2d\x2d"
  "\x2d\x2d\x2d\x2d\x2d\x2d\x2d\x2d\x2d\x20\x2a\x2f\x0a\x66\x75\x6e"
  "\x63\x74\x69\x6f\x6e\x20\x72\x65\x6e\x64\x65\x72\x46\x69\x6c\x65"
  "\x73\x28\x29\x7b\x0a\x20\x20\x63\x6f\x6e\x73\x74\x20\x62\x6f\x78"
  "\x20\x3d\x20\x64\x6f\x63\x75\x6d\x65\x6e\x74\x2e\x67\x65\x74\x45"
  "\x6c\x65\x6d\x65\x6e\x74\x42\x79\x49\x64\x28\x27\x6c\x6f\x63\x2d"
  "\x6c\x69\x73\x74\x27\x29\x3b\x0a\x20\x20\x69\x66\x28\x21\x46\x49"
  "\x4c\x45\x53\x2e\x67\x72\x6f\x75\x70\x73\x2e\x6c\x65\x6e\x67\x74"
  "\x68\x29\x7b\x20\x62\x6f\x78\x2e\x69\x6e\x6e\x65\x72\x48\x54\x4d"
  "\x4c\x20\x3d\x20\x27\x3c\x64\x69\x76\x20\x63\x6c\x61\x73\x73\x3d"
  "\x22\x65\x6d\x70\x74\x79\x22\x3e\xe4\xb8\x8b\xe8\xbd\xbd\xe7\x9b"
  "\xae\xe5\xbd\x95\xe9\x87\x8c\xe6\xb2\xa1\xe6\x89\xab\xe5\x88\xb0"
  "\xe8\xa7\x86\xe9\xa2\x91\xe6\x96\x87\xe4\xbb\xb6\xe5\xa4\xb9\x3c"
  "\x2f\x64\x69\x76\x3e\x27\x3b\x20\x72\x65\x74\x75\x72\x6e\x3b\x20"
  "\x7d\x0a\x20\x20\x62\x6f\x78\x2e\x69\x6e\x6e\x65\x72\x48\x54\x4d"
  "\x4c\x20\x3d\x20\x46\x49\x4c\x45\x53\x2e\x67\x72\x6f\x75\x70\x73"
  "\x2e\x6d\x61\x70\x28\x28\x67\x2c\x20\x67\x69\x29\x20\x3d\x3e\x20"
  "\x7b\x0a\x20\x20\x20\x20\x63\x6f\x6e\x73\x74\x20\x73\x75\x6d\x20"
  "\x3d\x20\x67\x2e\x69\x74\x65\x6d\x73\x2e\x72\x65\x64\x75\x63\x65"
  "\x28\x28\x61\x2c\x62\x29\x20\x3d\x3e\x20\x61\x20\x2b\x20\x62\x2e"
  "\x73\x69\x7a\x65\x2c\x20\x30\x29\x3b\x0a\x20\x20\x20\x20\x72\x65"
  "\x74\x75\x72\x6e\x20\x60\x3c\x64\x69\x76\x20\x63\x6c\x61\x73\x73"
  "\x3d\x22\x67\x72\x6f\x75\x70\x2d\x68\x65\x61\x64\x22\x3e\x0a\x20"
  "\x20\x20\x20\x20\x20\x20\x20\x3c\x6c\x61\x62\x65\x6c\x20\x63\x6c"
  "\x61\x73\x73\x3d\x22\x63\x62\x22\x3e\x3c\x69\x6e\x70\x75\x74\x20"
  "\x74\x79\x70\x65\x3d\x22\x63\x68\x65\x63\x6b\x62\x6f\x78\x22\x20"
  "\x63\x6c\x61\x73\x73\x3d\x22\x67\x2d\x61\x6c\x6c\x22\x20\x64\x61"
  "\x74\x61\x2d\x67\x3d\x22\x24\x7b\x67\x69\x7d\x22\x3e\x3c\x2f\x6c"
  "\x61\x62\x65\x6c\x3e\x0a\x20\x20\x20\x20\x20\x20\x20\x20\x3c\x73"
  "\x70\x61\x6e\x20\x63\x6c\x61\x73\x73\x3d\x22\x67\x2d\x6e\x61\x6d"
  "\x65\x22\x3e\x24\x7b\x65\x73\x63\x28\x67\x2e\x67\x72\x6f\x75\x70"
  "\x20\x7c\x7c\x20\x27\x28\xe6\xa0\xb9\xe7\x9b\xae\xe5\xbd\x95\x29"
  "\x27\x29\x7d\x3c\x2f\x73\x70\x61\x6e\x3e\x0a\x20\x20\x20\x20\x20"
  "\x20\x20\x20\x3c\x73\x70\x61\x6e\x3e\x24\x7b\x67\x2e\x69\x74\x65"
  "\x6d\x73\x2e\x6c\x65\x6e\x67\x74\x68\x7d\x20\xe9\xa1\xb9\x20\xc2"
  "\xb7\x20\x24\x7b\x66\x6d\x74\x53\x69\x7a\x65\x28\x73\x75\x6d\x29"
  "\x7d\x3c\x2f\x73\x70\x61\x6e\x3e\x0a\x20\x20\x20\x20\x20\x20\x3c"
  "\x2f\x64\x69\x76\x3e\x60\x20\x2b\x20\x67\x2e\x69\x74\x65\x6d\x73"
  "\x2e\x6d\x61\x70\x28\x69\x74\x20\x3d\x3e\x20\x60\x0a\x20\x20\x20"
  "\x20\x20\x20\x3c\x64\x69\x76\x20\x63\x6c\x61\x73\x73\x3d\x22\x72"
  "\x6f\x77\x22\x3e\x0a\x20\x20\x20\x20\x20\x20\x20\x20\x3c\x6c\x61"
  "\x62\x65\x6c\x20\x63\x6c\x61\x73\x73\x3d\x22\x63\x62\x22\x3e\x3c"
  "\x69\x6e\x70\x75\x74\x20\x74\x79\x70\x65\x3d\x22\x63\x68\x65\x63"
  "\x6b\x62\x6f\x78\x22\x20\x63\x6c\x61\x73\x73\x3d\x22\x70\x69\x63"
  "\x6b\x22\x20\x76\x61\x6c\x75\x65\x3d\x22\x24\x7b\x65\x73\x63\x28"
  "\x69\x74\x2e\x61\x62\x73\x29\x7d\x22\x20\x64\x61\x74\x61\x2d\x67"
  "\x3d\x22\x24\x7b\x67\x69\x7d\x22\x3e\x3c\x2f\x6c\x61\x62\x65\x6c"
  "\x3e\x0a\x20\x20\x20\x20\x20\x20\x20\x20\x3c\x64\x69\x76\x20\x63"
  "\x6c\x61\x73\x73\x3d\x22\x6d\x61\x69\x6e\x22\x3e\x0a\x20\x20\x20"
  "\x20\x20\x20\x20\x20\x20\x20\x3c\x64\x69\x76\x20\x63\x6c\x61\x73"
  "\x73\x3d\x22\x74\x69\x74\x6c\x65\x22\x3e\x24\x7b\x65\x73\x63\x28"
  "\x69\x74\x2e\x61\x62\x73\x2e\x73\x70\x6c\x69\x74\x28\x27\x2f\x27"
  "\x29\x2e\x70\x6f\x70\x28\x29\x29\x7d\x3c\x2f\x64\x69\x76\x3e\x0a"
  "\x20\x20\x20\x20\x20\x20\x20\x20\x20\x20\x3c\x64\x69\x76\x20\x63"
  "\x6c\x61\x73\x73\x3d\x22\x6d\x65\x74\x61\x20\x67\x68\x6f\x73\x74"
  "\x22\x3e\x24\x7b\x65\x73\x63\x28\x69\x74\x2e\x72\x65\x6c\x29\x7d"
  "\x3c\x2f\x64\x69\x76\x3e\x0a\x20\x20\x20\x20\x20\x20\x20\x20\x3c"
  "\x2f\x64\x69\x76\x3e\x0a\x20\x20\x20\x20\x20\x20\x20\x20\x3c\x64"
  "\x69\x76\x20\x63\x6c\x61\x73\x73\x3d\x22\x72\x69\x67\x68\x74\x22"
  "\x3e\x24\x7b\x66\x6d\x74\x53\x69\x7a\x65\x28\x69\x74\x2e\x73\x69"
  "\x7a\x65\x29\x7d\x3c\x62\x72\x3e\x3c\x73\x70\x61\x6e\x20\x63\x6c"
  "\x61\x73\x73\x3d\x22\x67\x68\x6f\x73\x74\x22\x3e\x24\x7b\x69\x74"
  "\x2e\x66\x69\x6c\x65\x73\x7d\x20\xe4\xb8\xaa\xe6\x96\x87\xe4\xbb"
  "\xb6\x3c\x2f\x73\x70\x61\x6e\x3e\x3c\x2f\x64\x69\x76\x3e\x0a\x20"
  "\x20\x20\x20\x20\x20\x3c\x2f\x64\x69\x76\x3e\x60\x29\x2e\x6a\x6f"
  "\x69\x6e\x28\x27\x27\x29\x3b\x0a\x20\x20\x7d\x29\x2e\x6a\x6f\x69"
  "\x6e\x28\x27\x27\x29\x3b\x0a\x0a\x20\x20\x62\x6f\x78\x2e\x71\x75"
  "\x65\x72\x79\x53\x65\x6c\x65\x63\x74\x6f\x72\x41\x6c\x6c\x28\x27"
  "\x2e\x67\x2d\x61\x6c\x6c\x27\x29\x2e\x66\x6f\x72\x45\x61\x63\x68"
  "\x28\x63\x62\x20\x3d\x3e\x20\x63\x62\x2e\x6f\x6e\x63\x68\x61\x6e"
  "\x67\x65\x20\x3d\x20\x28\x29\x20\x3d\x3e\x20\x7b\x0a\x20\x20\x20"
  "\x20\x62\x6f\x78\x2e\x71\x75\x65\x72\x79\x53\x65\x6c\x65\x63\x74"
  "\x6f\x72\x41\x6c\x6c\x28\x60\x2e\x70\x69\x63\x6b\x5b\x64\x61\x74"
  "\x61\x2d\x67\x3d\x22\x24\x7b\x63\x62\x2e\x64\x61\x74\x61\x73\x65"
  "\x74\x2e\x67\x7d\x22\x5d\x60\x29\x2e\x66\x6f\x72\x45\x61\x63\x68"
  "\x28\x70\x20\x3d\x3e\x20\x70\x2e\x63\x68\x65\x63\x6b\x65\x64\x20"
  "\x3d\x20\x63\x62\x2e\x63\x68\x65\x63\x6b\x65\x64\x29\x3b\x0a\x20"
  "\x20\x20\x20\x73\x79\x6e\x63\x53\x65\x6c\x28\x29\x3b\x0a\x20\x20"
  "\x7d\x29\x3b\x0a\x20\x20\x62\x6f\x78\x2e\x71\x75\x65\x72\x79\x53"
  "\x65\x6c\x65\x63\x74\x6f\x72\x41\x6c\x6c\x28\x27\x2e\x70\x69\x63"
  "\x6b\x27\x29\x2e\x66\x6f\x72\x45\x61\x63\x68\x28\x63\x62\x20\x3d"
  "\x3e\x20\x63\x62\x2e\x6f\x6e\x63\x68\x61\x6e\x67\x65\x20\x3d\x20"
  "\x73\x79\x6e\x63\x53\x65\x6c\x29\x3b\x0a\x20\x20\x73\x79\x6e\x63"
  "\x53\x65\x6c\x28\x29\x3b\x0a\x7d\x0a\x0a\x66\x75\x6e\x63\x74\x69"
  "\x6f\x6e\x20\x70\x69\x63\x6b\x65\x64\x28\x29\x7b\x0a\x20\x20\x72"
  "\x65\x74\x75\x72\x6e\x20\x5b\x2e\x2e\x2e\x64\x6f\x63\x75\x6d\x65"
  "\x6e\x74\x2e\x71\x75\x65\x72\x79\x53\x65\x6c\x65\x63\x74\x6f\x72"
  "\x41\x6c\x6c\x28\x27\x23\x6c\x6f\x63\x2d\x6c\x69\x73\x74\x20\x2e"
  "\x70\x69\x63\x6b\x3a\x63\x68\x65\x63\x6b\x65\x64\x27\x29\x5d\x2e"
  "\x6d\x61\x70\x28\x63\x20\x3d\x3e\x20\x63\x2e\x76\x61\x6c\x75\x65"
  "\x29\x3b\x0a\x7d\x0a\x0a\x66\x75\x6e\x63\x74\x69\x6f\x6e\x20\x73"
  "\x65\x6c\x53\x69\x7a\x65\x28\x70\x61\x74\x68\x73\x29\x7b\x0a\x20"
  "\x20\x63\x6f\x6e\x73\x74\x20\x73\x65\x74\x20\x3d\x20\x6e\x65\x77"
  "\x20\x53\x65\x74\x28\x70\x61\x74\x68\x73\x29\x3b\x0a\x20\x20\x6c"
  "\x65\x74\x20\x6e\x20\x3d\x20\x30\x3b\x0a\x20\x20\x66\x6f\x72\x28"
  "\x63\x6f\x6e\x73\x74\x20\x67\x20\x6f\x66\x20\x46\x49\x4c\x45\x53"
  "\x2e\x67\x72\x6f\x75\x70\x73\x29\x20\x66\x6f\x72\x28\x63\x6f\x6e"
  "\x73\x74\x20\x69\x74\x20\x6f\x66\x20\x67\x2e\x69\x74\x65\x6d\x73"
  "\x29\x20\x69\x66\x28\x73\x65\x74\x2e\x68\x61\x73\x28\x69\x74\x2e"
  "\x61\x62\x73\x29\x29\x20\x6e\x20\x2b\x3d\x20\x69\x74\x2e\x73\x69"
  "\x7a\x65\x3b\x0a\x20\x20\x72\x65\x74\x75\x72\x6e\x20\x6e\x3b\x0a"
  "\x7d\x0a\x0a\x61\x73\x79\x6e\x63\x20\x66\x75\x6e\x63\x74\x69\x6f"
  "\x6e\x20\x64\x6f\x44\x65\x6c\x65\x74\x65\x28\x29\x7b\x0a\x20\x20"
  "\x63\x6f\x6e\x73\x74\x20\x70\x61\x74\x68\x73\x20\x3d\x20\x70\x69"
  "\x63\x6b\x65\x64\x28\x29\x3b\x0a\x20\x20\x69\x66\x28\x21\x70\x61"
  "\x74\x68\x73\x2e\x6c\x65\x6e\x67\x74\x68\x29\x20\x72\x65\x74\x75"
  "\x72\x6e\x3b\x0a\x20\x20\x69\x66\x28\x21\x63\x6f\x6e\x66\x69\x72"
  "\x6d\x28\x60\xe5\x88\xa0\xe9\x99\xa4\x20\x24\x7b\x70\x61\x74\x68"
  "\x73\x2e\x6c\x65\x6e\x67\x74\x68\x7d\x20\xe4\xb8\xaa\xe6\x96\x87"
  "\xe4\xbb\xb6\xe5\xa4\xb9\xef\xbc\x88\x24\x7b\x66\x6d\x74\x53\x69"
  "\x7a\x65\x28\x73\x65\x6c\x53\x69\x7a\x65\x28\x70\x61\x74\x68\x73"
  "\x29\x29\x7d\xef\xbc\x89\xef\xbc\x9f\x5c\x6e\x5c\x6e\xe6\x96\x87"
  "\xe4\xbb\xb6\xe5\xa4\xb9\xe9\x87\x8c\xe7\x9a\x84\xe8\xa7\x86\xe9"
  "\xa2\x91\xe3\x80\x81\xe5\xad\x97\xe5\xb9\x95\xe3\x80\x81\x6e\x66"
  "\x6f\x20\xe4\xbc\x9a\xe4\xb8\x80\xe8\xb5\xb7\xe5\x88\xa0\xe6\x8e"
  "\x89\xef\xbc\x8c\xe4\xb8\x8d\xe8\x83\xbd\xe6\x92\xa4\xe9\x94\x80"
  "\xe3\x80\x82\x5c\x6e\xe8\xae\xb0\xe5\xbd\x95\xe4\xbc\x9a\xe7\x95"
  "\x99\xe5\x9c\xa8\x20\x62\x69\x6c\x69\x2d\x73\x79\x6e\x63\x20\xe9"
  "\x87\x8c\xef\xbc\x8c\xe9\x82\xa3\xe8\xbe\xb9\xe4\xbc\x9a\xe6\x98"
  "\xbe\xe7\xa4\xba\xe3\x80\x8c\xe4\xb8\x8d\xe5\xad\x98\xe5\x9c\xa8"
  "\xe3\x80\x8d\xe3\x80\x82\x60\x29\x29\x20\x72\x65\x74\x75\x72\x6e"
  "\x3b\x0a\x20\x20\x63\x6f\x6e\x73\x74\x20\x62\x74\x6e\x20\x3d\x20"
  "\x64\x6f\x63\x75\x6d\x65\x6e\x74\x2e\x67\x65\x74\x45\x6c\x65\x6d"
  "\x65\x6e\x74\x42\x79\x49\x64\x28\x27\x62\x74\x6e\x2d\x64\x65\x6c"
  "\x27\x29\x3b\x0a\x20\x20\x62\x74\x6e\x2e\x64\x69\x73\x61\x62\x6c"
  "\x65\x64\x20\x3d\x20\x74\x72\x75\x65\x3b\x20\x62\x74\x6e\x2e\x74"
  "\x65\x78\x74\x43\x6f\x6e\x74\x65\x6e\x74\x20\x3d\x20\x27\xe5\x88"
  "\xa0\xe9\x99\xa4\xe4\xb8\xad\xe2\x80\xa6\x27\x3b\x0a\x20\x20\x74"
  "\x72\x79\x7b\x0a\x20\x20\x20\x20\x63\x6f\x6e\x73\x74\x20\x72\x65"
  "\x73\x20\x3d\x20\x61\x77\x61\x69\x74\x20\x28\x61\x77\x61\x69\x74"
  "\x20\x66\x65\x74\x63\x68\x28\x61\x70\x69\x28\x27\x2f\x61\x70\x69"
  "\x2f\x64\x65\x6c\x65\x74\x65\x27\x29\x2c\x20\x7b\x0a\x20\x20\x20"
  "\x20\x20\x20\x6d\x65\x74\x68\x6f\x64\x3a\x27\x50\x4f\x53\x54\x27"
  "\x2c\x20\x68\x65\x61\x64\x65\x72\x73\x3a\x7b\x27\x43\x6f\x6e\x74"
  "\x65\x6e\x74\x2d\x54\x79\x70\x65\x27\x3a\x27\x61\x70\x70\x6c\x69"
  "\x63\x61\x74\x69\x6f\x6e\x2f\x6a\x73\x6f\x6e\x27\x7d\x2c\x0a\x20"
  "\x20\x20\x20\x20\x20\x62\x6f\x64\x79\x3a\x20\x4a\x53\x4f\x4e\x2e"
  "\x73\x74\x72\x69\x6e\x67\x69\x66\x79\x28\x7b\x20\x70\x61\x74\x68"
  "\x73\x20\x7d\x29\x0a\x20\x20\x20\x20\x7d\x29\x29\x2e\x6a\x73\x6f"
  "\x6e\x28\x29\x3b\x0a\x20\x20\x20\x20\x69\x66\x28\x72\x65\x73\x2e"
  "\x66\x61\x69\x6c\x65\x64\x43\x6f\x75\x6e\x74\x29\x20\x61\x6c\x65"
  "\x72\x74\x28\x60\xe5\x88\xa0\xe4\xba\x86\x20\x24\x7b\x72\x65\x73"
  "\x2e\x64\x65\x6c\x65\x74\x65\x64\x43\x6f\x75\x6e\x74\x7d\x20\xe4"
  "\xb8\xaa\xef\xbc\x8c\xe5\xa4\xb1\xe8\xb4\xa5\x20\x24\x7b\x72\x65"
  "\x73\x2e\x66\x61\x69\x6c\x65\x64\x43\x6f\x75\x6e\x74\x7d\x20\xe4"
  "\xb8\xaa\xef\xbc\x9a\x5c\x6e\x60\x20\x2b\x0a\x20\x20\x20\x20\x20"
  "\x20\x72\x65\x73\x2e\x66\x61\x69\x6c\x65\x64\x2e\x6d\x61\x70\x28"
  "\x66\x20\x3d\x3e\x20\x66\x2e\x70\x61\x74\x68\x20\x2b\x20\x27\x20"
  "\xe2\x80\x94\x20\x27\x20\x2b\x20\x66\x2e\x65\x72\x72\x6f\x72\x29"
  "\x2e\x6a\x6f\x69\x6e\x28\x27\x5c\x6e\x27\x29\x29\x3b\x0a\x20\x20"
  "\x20\x20\x61\x77\x61\x69\x74\x20\x6c\x6f\x61\x64\x46\x69\x6c\x65"
  "\x73\x28\x29\x3b\x0a\x20\x20\x20\x20\x61\x77\x61\x69\x74\x20\x6c"
  "\x6f\x61\x64\x52\x65\x63\x6f\x72\x64\x73\x28\x29\x3b\x0a\x20\x20"
  "\x7d\x63\x61\x74\x63\x68\x28\x65\x29\x7b\x20\x61\x6c\x65\x72\x74"
  "\x28\x27\xe5\x88\xa0\xe9\x99\xa4\xe8\xaf\xb7\xe6\xb1\x82\xe5\xa4"
  "\xb1\xe8\xb4\xa5\xef\xbc\x9a\x27\x20\x2b\x20\x65\x29\x3b\x20\x7d"
  "\x0a\x20\x20\x62\x74\x6e\x2e\x74\x65\x78\x74\x43\x6f\x6e\x74\x65"
  "\x6e\x74\x20\x3d\x20\x27\xe5\x88\xa0\xe9\x99\xa4\xe9\x80\x89\xe4"
  "\xb8\xad\x27\x3b\x0a\x20\x20\x73\x79\x6e\x63\x53\x65\x6c\x28\x29"
  "\x3b\x0a\x7d\x0a\x0a\x2f\x2a\x20\x2d\x2d\x2d\x2d\x2d\x2d\x2d\x2d"
  "\x2d\x2d\x2d\x2d\x2d\x2d\x2d\x2d\x20\xe6\x95\xb0\xe6\x8d\xae\xe5"
  "\x8a\xa0\xe8\xbd\xbd\x20\x2d\x2d\x2d\x2d\x2d\x2d\x2d\x2d\x2d\x2d"
  "\x2d\x2d\x2d\x2d\x2d\x2d\x20\x2a\x2f\x0a\x61\x73\x79\x6e\x63\x20"
  "\x66\x75\x6e\x63\x74\x69\x6f\x6e\x20\x6c\x6f\x61\x64\x52\x65\x63"
  "\x6f\x72\x64\x73\x28\x29\x7b\x0a\x20\x20\x63\x6f\x6e\x73\x74\x20"
  "\x62\x6f\x78\x20\x3d\x20\x64\x6f\x63\x75\x6d\x65\x6e\x74\x2e\x67"
  "\x65\x74\x45\x6c\x65\x6d\x65\x6e\x74\x42\x79\x49\x64\x28\x27\x72"
  "\x65\x63\x2d\x6c\x69\x73\x74\x27\x29\x3b\x0a\x20\x20\x74\x72\x79"
  "\x7b\x0a\x20\x20\x20\x20\x63\x6f\x6e\x73\x74\x20\x72\x65\x73\x20"
  "\x3d\x20\x61\x77\x61\x69\x74\x20\x28\x61\x77\x61\x69\x74\x20\x66"
  "\x65\x74\x63\x68\x28\x61\x70\x69\x28\x27\x2f\x61\x70\x69\x2f\x72"
  "\x65\x63\x6f\x72\x64\x73\x27\x29\x29\x29\x2e\x6a\x73\x6f\x6e\x28"
  "\x29\x3b\x0a\x20\x20\x20\x20\x69\x66\x28\x21\x72\x65\x73\x2e\x6f"
  "\x6b\x29\x7b\x20\x62\x6f\x78\x2e\x69\x6e\x6e\x65\x72\x48\x54\x4d"
  "\x4c\x20\x3d\x20\x60\x3c\x64\x69\x76\x20\x63\x6c\x61\x73\x73\x3d"
  "\x22\x65\x6d\x70\x74\x79\x20\x65\x72\x72\x22\x3e\x24\x7b\x65\x73"
  "\x63\x28\x72\x65\x73\x2e\x65\x72\x72\x6f\x72\x20\x7c\x7c\x20\x27"
  "\xe8\xaf\xbb\xe5\x8f\x96\xe5\xa4\xb1\xe8\xb4\xa5\x27\x29\x7d\x3c"
  "\x2f\x64\x69\x76\x3e\x60\x3b\x20\x72\x65\x74\x75\x72\x6e\x3b\x20"
  "\x7d\x0a\x20\x20\x20\x20\x52\x45\x43\x20\x3d\x20\x72\x65\x73\x3b"
  "\x0a\x20\x20\x20\x20\x66\x69\x6c\x6c\x47\x72\x6f\x75\x70\x53\x65"
  "\x6c\x65\x63\x74\x28\x29\x3b\x0a\x20\x20\x20\x20\x72\x65\x6e\x64"
  "\x65\x72\x52\x65\x63\x6f\x72\x64\x73\x28\x29\x3b\x0a\x20\x20\x20"
  "\x20\x72\x65\x6e\x64\x65\x72\x51\x75\x65\x75\x65\x28\x29\x3b\x0a"
  "\x20\x20\x20\x20\x63\x6f\x6e\x73\x74\x20\x73\x20\x3d\x20\x72\x65"
  "\x73\x2e\x73\x75\x6d\x6d\x61\x72\x79\x3b\x0a\x20\x20\x20\x20\x64"
  "\x6f\x63\x75\x6d\x65\x6e\x74\x2e\x67\x65\x74\x45\x6c\x65\x6d\x65"
  "\x6e\x74\x42\x79\x49\x64\x28\x27\x73\x75\x6d\x6d\x61\x72\x79\x27"
  "\x29\x2e\x74\x65\x78\x74\x43\x6f\x6e\x74\x65\x6e\x74\x20\x3d\x0a"
  "\x20\x20\x20\x20\x20\x20\x60\x24\x7b\x72\x65\x73\x2e\x63\x6f\x75"
  "\x6e\x74\x7d\x20\xe6\x9d\xa1\xe8\xae\xb0\xe5\xbd\x95\x20\xc2\xb7"
  "\x20\xe5\xad\x98\xe5\x9c\xa8\x20\x24\x7b\x73\x2e\x65\x78\x69\x73"
  "\x74\x73\x7d\x20\x2f\x20\xe9\x83\xa8\xe5\x88\x86\x20\x24\x7b\x73"
  "\x2e\x70\x61\x72\x74\x69\x61\x6c\x7d\x20\x2f\x20\xe4\xb8\x8d\xe5"
  "\xad\x98\xe5\x9c\xa8\x20\x24\x7b\x73\x2e\x6d\x69\x73\x73\x69\x6e"
  "\x67\x7d\x60\x20\x2b\x0a\x20\x20\x20\x20\x20\x20\x28\x73\x2e\x75"
  "\x6e\x64\x6f\x77\x6e\x6c\x6f\x61\x64\x65\x64\x20\x3f\x20\x60\x20"
  "\x2f\x20\xe6\x9c\xaa\xe4\xb8\x8b\xe8\xbd\xbd\x20\x24\x7b\x73\x2e"
  "\x75\x6e\x64\x6f\x77\x6e\x6c\x6f\x61\x64\x65\x64\x7d\x60\x20\x3a"
  "\x20\x27\x27\x29\x20\x2b\x0a\x20\x20\x20\x20\x20\x20\x28\x73\x2e"
  "\x6e\x6f\x70\x61\x67\x65\x73\x20\x3f\x20\x60\x20\x2f\x20\xe6\x97"
  "\xa0\xe5\x88\x86\xe9\xa1\xb5\x20\x24\x7b\x73\x2e\x6e\x6f\x70\x61"
  "\x67\x65\x73\x7d\x60\x20\x3a\x20\x27\x27\x29\x3b\x0a\x20\x20\x7d"
  "\x63\x61\x74\x63\x68\x28\x65\x29\x7b\x0a\x20\x20\x20\x20\x62\x6f"
  "\x78\x2e\x69\x6e\x6e\x65\x72\x48\x54\x4d\x4c\x20\x3d\x20\x60\x3c"
  "\x64\x69\x76\x20\x63\x6c\x61\x73\x73\x3d\x22\x65\x6d\x70\x74\x79"
  "\x20\x65\x72\x72\x22\x3e\xe8\xaf\xbb\xe5\x8f\x96\xe5\xa4\xb1\xe8"
  "\xb4\xa5\xef\xbc\x9a\x24\x7b\x65\x73\x63\x28\x65\x29\x7d\x3c\x2f"
  "\x64\x69\x76\x3e\x60\x3b\x0a\x20\x20\x7d\x0a\x7d\x0a\x0a\x61\x73"
  "\x79\x6e\x63\x20\x66\x75\x6e\x63\x74\x69\x6f\x6e\x20\x6c\x6f\x61"
  "\x64\x46\x69\x6c\x65\x73\x28\x29\x7b\x0a\x20\x20\x63\x6f\x6e\x73"
  "\x74\x20\x62\x6f\x78\x20\x3d\x20\x64\x6f\x63\x75\x6d\x65\x6e\x74"
  "\x2e\x67\x65\x74\x45\x6c\x65\x6d\x65\x6e\x74\x42\x79\x49\x64\x28"
  "\x27\x6c\x6f\x63\x2d\x6c\x69\x73\x74\x27\x29\x3b\x0a\x20\x20\x62"
  "\x6f\x78\x2e\x69\x6e\x6e\x65\x72\x48\x54\x4d\x4c\x20\x3d\x20\x27"
  "\x3c\x64\x69\x76\x20\x63\x6c\x61\x73\x73\x3d\x22\x65\x6d\x70\x74"
  "\x79\x22\x3e\xe6\x89\xab\xe6\x8f\x8f\xe4\xb8\xad\xe2\x80\xa6\x3c"
  "\x2f\x64\x69\x76\x3e\x27\x3b\x0a\x20\x20\x74\x72\x79\x7b\x0a\x20"
  "\x20\x20\x20\x63\x6f\x6e\x73\x74\x20\x72\x65\x73\x20\x3d\x20\x61"
  "\x77\x61\x69\x74\x20\x28\x61\x77\x61\x69\x74\x20\x66\x65\x74\x63"
  "\x68\x28\x61\x70\x69\x28\x27\x2f\x61\x70\x69\x2f\x66\x69\x6c\x65"
  "\x73\x27\x29\x29\x29\x2e\x6a\x73\x6f\x6e\x28\x29\x3b\x0a\x20\x20"
  "\x20\x20\x69\x66\x28\x21\x72\x65\x73\x2e\x6f\x6b\x29\x7b\x20\x62"
  "\x6f\x78\x2e\x69\x6e\x6e\x65\x72\x48\x54\x4d\x4c\x20\x3d\x20\x60"
  "\x3c\x64\x69\x76\x20\x63\x6c\x61\x73\x73\x3d\x22\x65\x6d\x70\x74"
  "\x79\x20\x65\x72\x72\x22\x3e\x24\x7b\x65\x73\x63\x28\x72\x65\x73"
  "\x2e\x65\x72\x72\x6f\x72\x20\x7c\x7c\x20\x27\xe6\x89\xab\xe6\x8f"
  "\x8f\xe5\xa4\xb1\xe8\xb4\xa5\x27\x29\x7d\x3c\x2f\x64\x69\x76\x3e"
  "\x60\x3b\x20\x72\x65\x74\x75\x72\x6e\x3b\x20\x7d\x0a\x20\x20\x20"
  "\x20\x46\x49\x4c\x45\x53\x20\x3d\x20\x72\x65\x73\x3b\x0a\x20\x20"
  "\x20\x20\x72\x65\x6e\x64\x65\x72\x46\x69\x6c\x65\x73\x28\x29\x3b"
  "\x0a\x20\x20\x7d\x63\x61\x74\x63\x68\x28\x65\x29\x7b\x0a\x20\x20"
  "\x20\x20\x62\x6f\x78\x2e\x69\x6e\x6e\x65\x72\x48\x54\x4d\x4c\x20"
  "\x3d\x20\x60\x3c\x64\x69\x76\x20\x63\x6c\x61\x73\x73\x3d\x22\x65"
  "\x6d\x70\x74\x79\x20\x65\x72\x72\x22\x3e\xe6\x89\xab\xe6\x8f\x8f"
  "\xe5\xa4\xb1\xe8\xb4\xa5\xef\xbc\x9a\x24\x7b\x65\x73\x63\x28\x65"
  "\x29\x7d\x3c\x2f\x64\x69\x76\x3e\x60\x3b\x0a\x20\x20\x7d\x0a\x7d"
  "\x0a\x0a\x61\x73\x79\x6e\x63\x20\x66\x75\x6e\x63\x74\x69\x6f\x6e"
  "\x20\x6c\x6f\x61\x64\x44\x69\x73\x6b\x28\x29\x7b\x0a\x20\x20\x63"
  "\x6f\x6e\x73\x74\x20\x65\x6c\x20\x3d\x20\x64\x6f\x63\x75\x6d\x65"
  "\x6e\x74\x2e\x67\x65\x74\x45\x6c\x65\x6d\x65\x6e\x74\x42\x79\x49"
  "\x64\x28\x27\x62\x61\x6e\x6e\x65\x72\x27\x29\x3b\x0a\x20\x20\x74"
  "\x72\x79\x7b\x0a\x20\x20\x20\x20\x63\x6f\x6e\x73\x74\x20\x64\x20"
  "\x3d\x20\x61\x77\x61\x69\x74\x20\x28\x61\x77\x61\x69\x74\x20\x66"
  "\x65\x74\x63\x68\x28\x61\x70\x69\x28\x27\x2f\x61\x70\x69\x2f\x64"
  "\x69\x73\x6b\x27\x29\x29\x29\x2e\x6a\x73\x6f\x6e\x28\x29\x3b\x0a"
  "\x20\x20\x20\x20\x69\x66\x28\x21\x64\x2e\x6f\x6b\x29\x20\x72\x65"
  "\x74\x75\x72\x6e\x3b\x0a\x20\x20\x20\x20\x6c\x65\x74\x20\x74\x78"
  "\x74\x20\x3d\x20\x64\x2e\x74\x6f\x74\x61\x6c\x0a\x20\x20\x20\x20"
  "\x20\x20\x3f\x20\x60\xe4\xb8\x8b\xe8\xbd\xbd\xe5\x8d\xb7\x20\x24"
  "\x7b\x64\x2e\x72\x6f\x6f\x74\x7d\x20\xe5\x89\xa9\xe4\xbd\x99\x20"
  "\x24\x7b\x66\x6d\x74\x53\x69\x7a\x65\x28\x64\x2e\x66\x72\x65\x65"
  "\x29\x7d\xef\xbc\x88\x24\x7b\x64\x2e\x70\x63\x74\x7d\x25\xef\xbc"
  "\x89\x60\x0a\x20\x20\x20\x20\x20\x20\x3a\x20\x60\xe8\xaf\xbb\xe4"
  "\xb8\x8d\xe5\x88\xb0\xe4\xb8\x8b\xe8\xbd\xbd\xe5\x8d\xb7\x20\x24"
  "\x7b\x64\x2e\x72\x6f\x6f\x74\x7d\x60\x3b\x0a\x20\x20\x20\x20\x69"
  "\x66\x28\x64\x2e\x66\x6c\x6f\x6f\x72\x20\x3e\x20\x30\x29\x20\x74"
  "\x78\x74\x20\x2b\x3d\x20\x60\x20\xc2\xb7\x20\xe9\x98\x88\xe5\x80"
  "\xbc\x20\x24\x7b\x64\x2e\x66\x6c\x6f\x6f\x72\x7d\x25\x60\x3b\x0a"
  "\x20\x20\x20\x20\x69\x66\x28\x64\x2e\x62\x72\x61\x6b\x65\x64\x29"
  "\x20\x74\x78\x74\x20\x3d\x20\x60\xe5\xb7\xb2\xe6\x8b\x89\xe9\x97"
  "\xb8\xef\xbc\x9a\x24\x7b\x64\x2e\x6e\x6f\x74\x65\x20\x7c\x7c\x20"
  "\x27\xe6\xba\x90\xe8\xa2\xab\xe5\x81\x9c\xe7\x94\xa8\xe4\xba\x86"
  "\x27\x7d\x20\xe2\x80\x94\xe2\x80\x94\x20\x60\x20\x2b\x20\x74\x78"
  "\x74\x3b\x0a\x20\x20\x20\x20\x64\x6f\x63\x75\x6d\x65\x6e\x74\x2e"
  "\x67\x65\x74\x45\x6c\x65\x6d\x65\x6e\x74\x42\x79\x49\x64\x28\x27"
  "\x62\x61\x6e\x6e\x65\x72\x2d\x74\x65\x78\x74\x27\x29\x2e\x74\x65"
  "\x78\x74\x43\x6f\x6e\x74\x65\x6e\x74\x20\x3d\x20\x74\x78\x74\x3b"
  "\x0a\x20\x20\x20\x20\x65\x6c\x2e\x68\x69\x64\x64\x65\x6e\x20\x3d"
  "\x20\x66\x61\x6c\x73\x65\x3b\x0a\x20\x20\x20\x20\x65\x6c\x2e\x63"
  "\x6c\x61\x73\x73\x4c\x69\x73\x74\x2e\x74\x6f\x67\x67\x6c\x65\x28"
  "\x27\x77\x61\x72\x6e\x27\x2c\x20\x21\x21\x64\x2e\x62\x72\x61\x6b"
  "\x65\x64\x29\x3b\x0a\x20\x20\x20\x20\x64\x6f\x63\x75\x6d\x65\x6e"
  "\x74\x2e\x67\x65\x74\x45\x6c\x65\x6d\x65\x6e\x74\x42\x79\x49\x64"
  "\x28\x27\x62\x74\x6e\x2d\x72\x65\x6c\x65\x61\x73\x65\x27\x29\x2e"
  "\x68\x69\x64\x64\x65\x6e\x20\x3d\x20\x21\x64\x2e\x62\x72\x61\x6b"
  "\x65\x64\x3b\x0a\x20\x20\x7d\x63\x61\x74\x63\x68\x28\x65\x29\x7b"
  "\x20\x2f\x2a\x20\xe7\x9b\x98\xe8\xaf\xbb\xe4\xb8\x8d\xe5\x88\xb0"
  "\xe5\xb0\xb1\xe4\xb8\x8d\xe6\x98\xbe\xe7\xa4\xba\xe6\xa8\xaa\xe5"
  "\xb9\x85\x20\x2a\x2f\x20\x7d\x0a\x7d\x0a\x0a\x2f\x2a\x20\x2d\x2d"
  "\x2d\x2d\x2d\x2d\x2d\x2d\x2d\x2d\x2d\x2d\x2d\x2d\x2d\x2d\x20\xe4"
  "\xba\x8b\xe4\xbb\xb6\x20\x2d\x2d\x2d\x2d\x2d\x2d\x2d\x2d\x2d\x2d"
  "\x2d\x2d\x2d\x2d\x2d\x2d\x20\x2a\x2f\x0a\x64\x6f\x63\x75\x6d\x65"
  "\x6e\x74\x2e\x67\x65\x74\x45\x6c\x65\x6d\x65\x6e\x74\x42\x79\x49"
  "\x64\x28\x27\x66\x2d\x71\x27\x29\x2e\x6f\x6e\x69\x6e\x70\x75\x74"
  "\x20\x3d\x20\x65\x20\x3d\x3e\x20\x7b\x20\x66\x51\x75\x65\x72\x79"
  "\x20\x3d\x20\x65\x2e\x74\x61\x72\x67\x65\x74\x2e\x76\x61\x6c\x75"
  "\x65\x3b\x20\x72\x65\x6e\x64\x65\x72\x52\x65\x63\x6f\x72\x64\x73"
  "\x28\x29\x3b\x20\x7d\x3b\x0a\x64\x6f\x63\x75\x6d\x65\x6e\x74\x2e"
  "\x67\x65\x74\x45\x6c\x65\x6d\x65\x6e\x74\x42\x79\x49\x64\x28\x27"
  "\x66\x2d\x67\x72\x6f\x75\x70\x27\x29\x2e\x6f\x6e\x63\x68\x61\x6e"
  "\x67\x65\x20\x3d\x20\x65\x20\x3d\x3e\x20\x7b\x20\x66\x47\x72\x6f"
  "\x75\x70\x20\x3d\x20\x65\x2e\x74\x61\x72\x67\x65\x74\x2e\x76\x61"
  "\x6c\x75\x65\x3b\x20\x72\x65\x6e\x64\x65\x72\x52\x65\x63\x6f\x72"
  "\x64\x73\x28\x29\x3b\x20\x7d\x3b\x0a\x64\x6f\x63\x75\x6d\x65\x6e"
  "\x74\x2e\x67\x65\x74\x45\x6c\x65\x6d\x65\x6e\x74\x42\x79\x49\x64"
  "\x28\x27\x71\x2d\x71\x27\x29\x2e\x6f\x6e\x69\x6e\x70\x75\x74\x20"
  "\x3d\x20\x65\x20\x3d\x3e\x20\x7b\x20\x71\x51\x75\x65\x72\x79\x20"
  "\x3d\x20\x65\x2e\x74\x61\x72\x67\x65\x74\x2e\x76\x61\x6c\x75\x65"
  "\x3b\x20\x72\x65\x6e\x64\x65\x72\x51\x75\x65\x75\x65\x28\x29\x3b"
  "\x20\x7d\x3b\x0a\x64\x6f\x63\x75\x6d\x65\x6e\x74\x2e\x71\x75\x65"
  "\x72\x79\x53\x65\x6c\x65\x63\x74\x6f\x72\x41\x6c\x6c\x28\x27\x23"
  "\x66\x2d\x73\x74\x61\x74\x75\x73\x20\x62\x75\x74\x74\x6f\x6e\x27"
  "\x29\x2e\x66\x6f\x72\x45\x61\x63\x68\x28\x62\x20\x3d\x3e\x20\x7b"
  "\x0a\x20\x20\x62\x2e\x74\x69\x74\x6c\x65\x20\x3d\x20\x62\x2e\x64"
  "\x61\x74\x61\x73\x65\x74\x2e\x73\x20\x3f\x20\x53\x54\x41\x54\x55"
  "\x53\x5f\x44\x45\x53\x43\x5b\x62\x2e\x64\x61\x74\x61\x73\x65\x74"
  "\x2e\x73\x5d\x20\x3a\x20\x27\xe4\xb8\x8d\xe8\xbf\x87\xe6\xbb\xa4"
  "\x27\x3b\x0a\x7d\x29\x3b\x0a\x64\x6f\x63\x75\x6d\x65\x6e\x74\x2e"
  "\x67\x65\x74\x45\x6c\x65\x6d\x65\x6e\x74\x42\x79\x49\x64\x28\x27"
  "\x66\x2d\x73\x74\x61\x74\x75\x73\x27\x29\x2e\x6f\x6e\x63\x6c\x69"
  "\x63\x6b\x20\x3d\x20\x65\x20\x3d\x3e\x20\x7b\x0a\x20\x20\x63\x6f"
  "\x6e\x73\x74\x20\x62\x20\x3d\x20\x65\x2e\x74\x61\x72\x67\x65\x74"
  "\x2e\x63\x6c\x6f\x73\x65\x73\x74\x28\x27\x62\x75\x74\x74\x6f\x6e"
  "\x27\x29\x3b\x20\x69\x66\x28\x21\x62\x29\x20\x72\x65\x74\x75\x72"
  "\x6e\x3b\x0a\x20\x20\x66\x53\x74\x61\x74\x75\x73\x20\x3d\x20\x62"
  "\x2e\x64\x61\x74\x61\x73\x65\x74\x2e\x73\x3b\x0a\x20\x20\x64\x6f"
  "\x63\x75\x6d\x65\x6e\x74\x2e\x71\x75\x65\x72\x79\x53\x65\x6c\x65"
  "\x63\x74\x6f\x72\x41\x6c\x6c\x28\x27\x23\x66\x2d\x73\x74\x61\x74"
  "\x75\x73\x20\x62\x75\x74\x74\x6f\x6e\x27\x29\x2e\x66\x6f\x72\x45"
  "\x61\x63\x68\x28\x78\x20\x3d\x3e\x20\x78\x2e\x63\x6c\x61\x73\x73"
  "\x4c\x69\x73\x74\x2e\x74\x6f\x67\x67\x6c\x65\x28\x27\x6f\x6e\x27"
  "\x2c\x20\x78\x20\x3d\x3d\x3d\x20\x62\x29\x29\x3b\x0a\x20\x20\x72"
  "\x65\x6e\x64\x65\x72\x52\x65\x63\x6f\x72\x64\x73\x28\x29\x3b\x0a"
  "\x7d\x3b\x0a\x64\x6f\x63\x75\x6d\x65\x6e\x74\x2e\x67\x65\x74\x45"
  "\x6c\x65\x6d\x65\x6e\x74\x42\x79\x49\x64\x28\x27\x71\x2d\x62\x75"
  "\x63\x6b\x65\x74\x27\x29\x2e\x6f\x6e\x63\x6c\x69\x63\x6b\x20\x3d"
  "\x20\x65\x20\x3d\x3e\x20\x7b\x0a\x20\x20\x63\x6f\x6e\x73\x74\x20"
  "\x62\x20\x3d\x20\x65\x2e\x74\x61\x72\x67\x65\x74\x2e\x63\x6c\x6f"
  "\x73\x65\x73\x74\x28\x27\x62\x75\x74\x74\x6f\x6e\x27\x29\x3b\x20"
  "\x69\x66\x28\x21\x62\x29\x20\x72\x65\x74\x75\x72\x6e\x3b\x0a\x20"
  "\x20\x71\x42\x75\x63\x6b\x65\x74\x20\x3d\x20\x62\x2e\x64\x61\x74"
  "\x61\x73\x65\x74\x2e\x62\x3b\x0a\x20\x20\x64\x6f\x63\x75\x6d\x65"
  "\x6e\x74\x2e\x71\x75\x65\x72\x79\x53\x65\x6c\x65\x63\x74\x6f\x72"
  "\x41\x6c\x6c\x28\x27\x23\x71\x2d\x62\x75\x63\x6b\x65\x74\x20\x62"
  "\x75\x74\x74\x6f\x6e\x27\x29\x2e\x66\x6f\x72\x45\x61\x63\x68\x28"
  "\x78\x20\x3d\x3e\x20\x78\x2e\x63\x6c\x61\x73\x73\x4c\x69\x73\x74"
  "\x2e\x74\x6f\x67\x67\x6c\x65\x28\x27\x6f\x6e\x27\x2c\x20\x78\x20"
  "\x3d\x3d\x3d\x20\x62\x29\x29\x3b\x0a\x20\x20\x72\x65\x6e\x64\x65"
  "\x72\x51\x75\x65\x75\x65\x28\x29\x3b\x0a\x7d\x3b\x0a\x64\x6f\x63"
  "\x75\x6d\x65\x6e\x74\x2e\x67\x65\x74\x45\x6c\x65\x6d\x65\x6e\x74"
  "\x42\x79\x49\x64\x28\x27\x73\x65\x6c\x2d\x61\x6c\x6c\x27\x29\x2e"
  "\x6f\x6e\x63\x68\x61\x6e\x67\x65\x20\x3d\x20\x65\x20\x3d\x3e\x20"
  "\x7b\x0a\x20\x20\x64\x6f\x63\x75\x6d\x65\x6e\x74\x2e\x71\x75\x65"
  "\x72\x79\x53\x65\x6c\x65\x63\x74\x6f\x72\x41\x6c\x6c\x28\x27\x23"
  "\x6c\x6f\x63\x2d\x6c\x69\x73\x74\x20\x2e\x70\x69\x63\x6b\x27\x29"
  "\x2e\x66\x6f\x72\x45\x61\x63\x68\x28\x63\x20\x3d\x3e\x20\x63\x2e"
  "\x63\x68\x65\x63\x6b\x65\x64\x20\x3d\x20\x65\x2e\x74\x61\x72\x67"
  "\x65\x74\x2e\x63\x68\x65\x63\x6b\x65\x64\x29\x3b\x0a\x20\x20\x64"
  "\x6f\x63\x75\x6d\x65\x6e\x74\x2e\x71\x75\x65\x72\x79\x53\x65\x6c"
  "\x65\x63\x74\x6f\x72\x41\x6c\x6c\x28\x27\x2e\x67\x2d\x61\x6c\x6c"
  "\x27\x29\x2e\x66\x6f\x72\x45\x61\x63\x68\x28\x63\x20\x3d\x3e\x20"
  "\x63\x2e\x63\x68\x65\x63\x6b\x65\x64\x20\x3d\x20\x65\x2e\x74\x61"
  "\x72\x67\x65\x74\x2e\x63\x68\x65\x63\x6b\x65\x64\x29\x3b\x0a\x20"
  "\x20\x73\x79\x6e\x63\x53\x65\x6c\x28\x29\x3b\x0a\x7d\x3b\x0a\x64"
  "\x6f\x63\x75\x6d\x65\x6e\x74\x2e\x67\x65\x74\x45\x6c\x65\x6d\x65"
  "\x6e\x74\x42\x79\x49\x64\x28\x27\x71\x2d\x61\x6c\x6c\x27\x29\x2e"
  "\x6f\x6e\x63\x68\x61\x6e\x67\x65\x20\x3d\x20\x65\x20\x3d\x3e\x20"
  "\x7b\x0a\x20\x20\x64\x6f\x63\x75\x6d\x65\x6e\x74\x2e\x71\x75\x65"
  "\x72\x79\x53\x65\x6c\x65\x63\x74\x6f\x72\x41\x6c\x6c\x28\x27\x23"
  "\x64\x6c\x2d\x6c\x69\x73\x74\x20\x2e\x64\x70\x69\x63\x6b\x27\x29"
  "\x2e\x66\x6f\x72\x45\x61\x63\x68\x28\x63\x20\x3d\x3e\x20\x63\x2e"
  "\x63\x68\x65\x63\x6b\x65\x64\x20\x3d\x20\x65\x2e\x74\x61\x72\x67"
  "\x65\x74\x2e\x63\x68\x65\x63\x6b\x65\x64\x29\x3b\x0a\x20\x20\x73"
  "\x79\x6e\x63\x53\x65\x6c\x28\x29\x3b\x0a\x7d\x3b\x0a\x64\x6f\x63"
  "\x75\x6d\x65\x6e\x74\x2e\x67\x65\x74\x45\x6c\x65\x6d\x65\x6e\x74"
  "\x42\x79\x49\x64\x28\x27\x62\x74\x6e\x2d\x63\x6c\x65\x61\x72\x27"
  "\x29\x2e\x6f\x6e\x63\x6c\x69\x63\x6b\x20\x3d\x20\x28\x29\x20\x3d"
  "\x3e\x20\x7b\x0a\x20\x20\x64\x6f\x63\x75\x6d\x65\x6e\x74\x2e\x71"
  "\x75\x65\x72\x79\x53\x65\x6c\x65\x63\x74\x6f\x72\x41\x6c\x6c\x28"
  "\x27\x23\x6c\x6f\x63\x2d\x6c\x69\x73\x74\x20\x69\x6e\x70\x75\x74"
  "\x27\x29\x2e\x66\x6f\x72\x45\x61\x63\x68\x28\x63\x20\x3d\x3e\x20"
  "\x63\x2e\x63\x68\x65\x63\x6b\x65\x64\x20\x3d\x20\x66\x61\x6c\x73"
  "\x65\x29\x3b\x0a\x20\x20\x73\x79\x6e\x63\x53\x65\x6c\x28\x29\x3b"
  "\x0a\x7d\x3b\x0a\x64\x6f\x63\x75\x6d\x65\x6e\x74\x2e\x67\x65\x74"
  "\x45\x6c\x65\x6d\x65\x6e\x74\x42\x79\x49\x64\x28\x27\x62\x74\x6e"
  "\x2d\x71\x2d\x63\x6c\x65\x61\x72\x27\x29\x2e\x6f\x6e\x63\x6c\x69"
  "\x63\x6b\x20\x3d\x20\x28\x29\x20\x3d\x3e\x20\x7b\x0a\x20\x20\x64"
  "\x6f\x63\x75\x6d\x65\x6e\x74\x2e\x71\x75\x65\x72\x79\x53\x65\x6c"
  "\x65\x63\x74\x6f\x72\x41\x6c\x6c\x28\x27\x23\x64\x6c\x2d\x6c\x69"
  "\x73\x74\x20\x2e\x64\x70\x69\x63\x6b\x27\x29\x2e\x66\x6f\x72\x45"
  "\x61\x63\x68\x28\x63\x20\x3d\x3e\x20\x63\x2e\x63\x68\x65\x63\x6b"
  "\x65\x64\x20\x3d\x20\x66\x61\x6c\x73\x65\x29\x3b\x0a\x20\x20\x73"
  "\x79\x6e\x63\x53\x65\x6c\x28\x29\x3b\x0a\x7d\x3b\x0a\x64\x6f\x63"
  "\x75\x6d\x65\x6e\x74\x2e\x67\x65\x74\x45\x6c\x65\x6d\x65\x6e\x74"
  "\x42\x79\x49\x64\x28\x27\x62\x74\x6e\x2d\x64\x65\x6c\x27\x29\x2e"
  "\x6f\x6e\x63\x6c\x69\x63\x6b\x20\x3d\x20\x64\x6f\x44\x65\x6c\x65"
  "\x74\x65\x3b\x0a\x64\x6f\x63\x75\x6d\x65\x6e\x74\x2e\x67\x65\x74"
  "\x45\x6c\x65\x6d\x65\x6e\x74\x42\x79\x49\x64\x28\x27\x62\x74\x6e"
  "\x2d\x72\x65\x6c\x6f\x61\x64\x27\x29\x2e\x6f\x6e\x63\x6c\x69\x63"
  "\x6b\x20\x3d\x20\x6c\x6f\x61\x64\x46\x69\x6c\x65\x73\x3b\x0a\x64"
  "\x6f\x63\x75\x6d\x65\x6e\x74\x2e\x67\x65\x74\x45\x6c\x65\x6d\x65"
  "\x6e\x74\x42\x79\x49\x64\x28\x27\x62\x74\x6e\x2d\x64\x6c\x2d\x72"
  "\x65\x6c\x6f\x61\x64\x27\x29\x2e\x6f\x6e\x63\x6c\x69\x63\x6b\x20"
  "\x3d\x20\x61\x73\x79\x6e\x63\x20\x28\x29\x20\x3d\x3e\x20\x7b\x0a"
  "\x20\x20\x63\x6f\x6e\x73\x74\x20\x62\x20\x3d\x20\x64\x6f\x63\x75"
  "\x6d\x65\x6e\x74\x2e\x67\x65\x74\x45\x6c\x65\x6d\x65\x6e\x74\x42"
  "\x79\x49\x64\x28\x27\x62\x74\x6e\x2d\x64\x6c\x2d\x72\x65\x6c\x6f"
  "\x61\x64\x27\x29\x3b\x0a\x20\x20\x62\x2e\x64\x69\x73\x61\x62\x6c"
  "\x65\x64\x20\x3d\x20\x74\x72\x75\x65\x3b\x20\x62\x2e\x74\x65\x78"
  "\x74\x43\x6f\x6e\x74\x65\x6e\x74\x20\x3d\x20\x27\xe6\x89\xab\xe6"
  "\x8f\x8f\xe4\xb8\xad\xe2\x80\xa6\x27\x3b\x0a\x20\x20\x61\x77\x61"
  "\x69\x74\x20\x6c\x6f\x61\x64\x52\x65\x63\x6f\x72\x64\x73\x28\x29"
  "\x3b\x0a\x20\x20\x62\x2e\x64\x69\x73\x61\x62\x6c\x65\x64\x20\x3d"
  "\x20\x66\x61\x6c\x73\x65\x3b\x20\x62\x2e\x74\x65\x78\x74\x43\x6f"
  "\x6e\x74\x65\x6e\x74\x20\x3d\x20\x27\xe9\x87\x8d\xe6\x96\xb0\xe6"
  "\x89\xab\xe6\x8f\x8f\x27\x3b\x0a\x7d\x3b\x0a\x64\x6f\x63\x75\x6d"
  "\x65\x6e\x74\x2e\x67\x65\x74\x45\x6c\x65\x6d\x65\x6e\x74\x42\x79"
  "\x49\x64\x28\x27\x62\x74\x6e\x2d\x72\x65\x63\x2d\x72\x65\x6c\x6f"
  "\x61\x64\x27\x29\x2e\x6f\x6e\x63\x6c\x69\x63\x6b\x20\x3d\x20\x61"
  "\x73\x79\x6e\x63\x20\x28\x29\x20\x3d\x3e\x20\x7b\x0a\x20\x20\x63"
  "\x6f\x6e\x73\x74\x20\x62\x20\x3d\x20\x64\x6f\x63\x75\x6d\x65\x6e"
  "\x74\x2e\x67\x65\x74\x45\x6c\x65\x6d\x65\x6e\x74\x42\x79\x49\x64"
  "\x28\x27\x62\x74\x6e\x2d\x72\x65\x63\x2d\x72\x65\x6c\x6f\x61\x64"
  "\x27\x29\x3b\x0a\x20\x20\x62\x2e\x64\x69\x73\x61\x62\x6c\x65\x64"
  "\x20\x3d\x20\x74\x72\x75\x65\x3b\x20\x62\x2e\x74\x65\x78\x74\x43"
  "\x6f\x6e\x74\x65\x6e\x74\x20\x3d\x20\x27\xe6\x89\xab\xe6\x8f\x8f"
  "\xe4\xb8\xad\xe2\x80\xa6\x27\x3b\x0a\x20\x20\x61\x77\x61\x69\x74"
  "\x20\x6c\x6f\x61\x64\x52\x65\x63\x6f\x72\x64\x73\x28\x29\x3b\x0a"
  "\x20\x20\x62\x2e\x64\x69\x73\x61\x62\x6c\x65\x64\x20\x3d\x20\x66"
  "\x61\x6c\x73\x65\x3b\x20\x62\x2e\x74\x65\x78\x74\x43\x6f\x6e\x74"
  "\x65\x6e\x74\x20\x3d\x20\x27\xe9\x87\x8d\xe6\x96\xb0\xe6\x89\xab"
  "\xe6\x8f\x8f\x27\x3b\x0a\x7d\x3b\x0a\x64\x6f\x63\x75\x6d\x65\x6e"
  "\x74\x2e\x67\x65\x74\x45\x6c\x65\x6d\x65\x6e\x74\x42\x79\x49\x64"
  "\x28\x27\x62\x74\x6e\x2d\x71\x2d\x77\x61\x6e\x74\x27\x29\x2e\x6f"
  "\x6e\x63\x6c\x69\x63\x6b\x20\x3d\x20\x28\x29\x20\x3d\x3e\x20\x71"
  "\x75\x65\x75\x65\x41\x63\x74\x69\x6f\x6e\x28\x27\x77\x61\x6e\x74"
  "\x27\x29\x3b\x0a\x64\x6f\x63\x75\x6d\x65\x6e\x74\x2e\x67\x65\x74"
  "\x45\x6c\x65\x6d\x65\x6e\x74\x42\x79\x49\x64\x28\x27\x62\x74\x6e"
  "\x2d\x71\x2d\x75\x6e\x77\x61\x6e\x74\x27\x29\x2e\x6f\x6e\x63\x6c"
  "\x69\x63\x6b\x20\x3d\x20\x28\x29\x20\x3d\x3e\x20\x71\x75\x65\x75"
  "\x65\x41\x63\x74\x69\x6f\x6e\x28\x27\x75\x6e\x77\x61\x6e\x74\x27"
  "\x29\x3b\x0a\x64\x6f\x63\x75\x6d\x65\x6e\x74\x2e\x67\x65\x74\x45"
  "\x6c\x65\x6d\x65\x6e\x74\x42\x79\x49\x64\x28\x27\x62\x74\x6e\x2d"
  "\x71\x2d\x72\x65\x64\x6c\x27\x29\x2e\x6f\x6e\x63\x6c\x69\x63\x6b"
  "\x20\x3d\x20\x28\x29\x20\x3d\x3e\x20\x71\x75\x65\x75\x65\x41\x63"
  "\x74\x69\x6f\x6e\x28\x27\x72\x65\x64\x6f\x77\x6e\x6c\x6f\x61\x64"
  "\x27\x29\x3b\x0a\x64\x6f\x63\x75\x6d\x65\x6e\x74\x2e\x67\x65\x74"
  "\x45\x6c\x65\x6d\x65\x6e\x74\x42\x79\x49\x64\x28\x27\x62\x74\x6e"
  "\x2d\x71\x2d\x64\x65\x6c\x27\x29\x2e\x6f\x6e\x63\x6c\x69\x63\x6b"
  "\x20\x3d\x20\x28\x29\x20\x3d\x3e\x20\x71\x75\x65\x75\x65\x41\x63"
  "\x74\x69\x6f\x6e\x28\x27\x64\x65\x6c\x65\x74\x65\x27\x29\x3b\x0a"
  "\x64\x6f\x63\x75\x6d\x65\x6e\x74\x2e\x67\x65\x74\x45\x6c\x65\x6d"
  "\x65\x6e\x74\x42\x79\x49\x64\x28\x27\x62\x74\x6e\x2d\x71\x2d\x70"
  "\x75\x72\x67\x65\x27\x29\x2e\x6f\x6e\x63\x6c\x69\x63\x6b\x20\x3d"
  "\x20\x61\x73\x79\x6e\x63\x20\x28\x29\x20\x3d\x3e\x20\x7b\x0a\x20"
  "\x20\x63\x6f\x6e\x73\x74\x20\x62\x20\x3d\x20\x64\x6f\x63\x75\x6d"
  "\x65\x6e\x74\x2e\x67\x65\x74\x45\x6c\x65\x6d\x65\x6e\x74\x42\x79"
  "\x49\x64\x28\x27\x62\x74\x6e\x2d\x71\x2d\x70\x75\x72\x67\x65\x27"
  "\x29\x3b\x0a\x20\x20\x69\x66\x28\x21\x63\x6f\x6e\x66\x69\x72\x6d"
  "\x28\x27\xe6\xb8\x85\xe7\x90\x86\xe3\x80\x8c\xe5\x83\xb5\xe5\xb0"
  "\xb8\xe5\xae\x8c\xe6\x88\x90\xe6\xa0\x87\xe8\xae\xb0\xe3\x80\x8d"
  "\xef\xbc\x9f\x5c\x6e\x5c\x6e\xe6\x8a\x8a\xe5\xba\x93\xe9\x87\x8c"
  "\xe6\xa0\x87\xe7\x9d\x80\xe5\xb7\xb2\xe5\xae\x8c\xe6\x88\x90\xe3"
  "\x80\x81\xe8\x90\xbd\xe7\x9b\x98\xe8\xb7\xaf\xe5\xbe\x84\xe4\xb9"
  "\x9f\xe5\x9c\xa8\xe3\x80\x81\xe4\xbd\x86\xe6\x96\x87\xe4\xbb\xb6"
  "\xe4\xb8\x80\xe4\xb8\xaa\xe9\x83\xbd\xe4\xb8\x8d\xe5\x9c\xa8\xe7"
  "\x9b\x98\xe4\xb8\x8a\xe7\x9a\x84\xe6\x9d\xa1\xe7\x9b\xae\xef\xbc"
  "\x9a\x5c\x6e\xe6\x94\xb6\xe5\x9b\x9e\xe5\xae\x8c\xe6\x88\x90\xe6"
  "\xa0\x87\xe8\xae\xb0\xe3\x80\x81\xe6\xb8\x85\xe6\x8e\x89\xe8\x90"
  "\xbd\xe7\x9b\x98\xe8\xb7\xaf\xe5\xbe\x84\xef\xbc\x8c\xe5\xb9\xb6"
  "\xe6\xa0\x87\xe6\x88\x90\xe3\x80\x8c\xe4\xb8\x8d\xe4\xb8\x8b\xe3"
  "\x80\x8d\xe3\x80\x82\x5c\x6e\x5c\x6e\xe5\x8f\xaa\xe5\x8a\xa8\xe5"
  "\xba\x93\xef\xbc\x8c\xe4\xb8\x8d\xe5\x8a\xa8\xe6\x96\x87\xe4\xbb"
  "\xb6\xe3\x80\x82\xe7\x9b\x98\xe4\xb8\x8a\xe6\xb2\xa1\xe4\xb8\x9c"
  "\xe8\xa5\xbf\xe5\x8f\xaf\xe5\x88\xa0\xe3\x80\x82\x5c\x6e\xe6\x83"
  "\xb3\xe9\x87\x8d\xe4\xb8\x8b\xe5\xb0\xb1\xe5\x8b\xbe\xe3\x80\x8c"
  "\xe5\x8a\xa0\xe5\x85\xa5\xe4\xb8\x8b\xe8\xbd\xbd\xe9\x98\x9f\xe5"
  "\x88\x97\xe3\x80\x8d\xe5\x86\x8d\xe7\x82\xb9\xe3\x80\x8c\xe9\x87"
  "\x8d\xe7\xbd\xae\xe5\xb9\xb6\xe9\x87\x8d\xe4\xb8\x8b\xe3\x80\x8d"
  "\xe3\x80\x82\x27\x29\x29\x20\x72\x65\x74\x75\x72\x6e\x3b\x0a\x20"
  "\x20\x62\x2e\x64\x69\x73\x61\x62\x6c\x65\x64\x20\x3d\x20\x74\x72"
  "\x75\x65\x3b\x20\x62\x2e\x74\x65\x78\x74\x43\x6f\x6e\x74\x65\x6e"
  "\x74\x20\x3d\x20\x27\xe6\xb8\x85\xe7\x90\x86\xe4\xb8\xad\xe2\x80"
  "\xa6\x27\x3b\x0a\x20\x20\x74\x72\x79\x7b\x0a\x20\x20\x20\x20\x63"
  "\x6f\x6e\x73\x74\x20\x72\x20\x3d\x20\x61\x77\x61\x69\x74\x20\x28"
  "\x61\x77\x61\x69\x74\x20\x66\x65\x74\x63\x68\x28\x61\x70\x69\x28"
  "\x27\x2f\x61\x70\x69\x2f\x70\x75\x72\x67\x65\x27\x29\x2c\x20\x7b"
  "\x0a\x20\x20\x20\x20\x20\x20\x6d\x65\x74\x68\x6f\x64\x3a\x27\x50"
  "\x4f\x53\x54\x27\x2c\x20\x68\x65\x61\x64\x65\x72\x73\x3a\x7b\x27"
  "\x43\x6f\x6e\x74\x65\x6e\x74\x2d\x54\x79\x70\x65\x27\x3a\x27\x61"
  "\x70\x70\x6c\x69\x63\x61\x74\x69\x6f\x6e\x2f\x6a\x73\x6f\x6e\x27"
  "\x7d\x2c\x0a\x20\x20\x20\x20\x20\x20\x62\x6f\x64\x79\x3a\x20\x4a"
  "\x53\x4f\x4e\x2e\x73\x74\x72\x69\x6e\x67\x69\x66\x79\x28\x7b\x20"
  "\x61\x63\x74\x69\x6f\x6e\x3a\x27\x73\x74\x61\x6c\x65\x27\x20\x7d"
  "\x29\x0a\x20\x20\x20\x20\x7d\x29\x29\x2e\x6a\x73\x6f\x6e\x28\x29"
  "\x3b\x0a\x20\x20\x20\x20\x69\x66\x28\x21\x72\x2e\x6f\x6b\x29\x20"
  "\x61\x6c\x65\x72\x74\x28\x27\xe5\xa4\xb1\xe8\xb4\xa5\xef\xbc\x9a"
  "\x27\x20\x2b\x20\x28\x72\x2e\x65\x72\x72\x6f\x72\x20\x7c\x7c\x20"
  "\x27\x27\x29\x29\x3b\x0a\x20\x20\x20\x20\x65\x6c\x73\x65\x20\x61"
  "\x6c\x65\x72\x74\x28\x60\xe6\xb8\x85\xe7\x90\x86\xe5\xae\x8c\xe6"
  "\x88\x90\xef\xbc\x9a\x24\x7b\x72\x2e\x73\x74\x61\x6c\x65\x7d\x20"
  "\xe6\x9d\xa1\xe6\x94\xb6\xe5\x9b\x9e\xe5\xae\x8c\xe6\x88\x90\xe6"
  "\xa0\x87\xe8\xae\xb0\xe3\x80\x81\x24\x7b\x72\x2e\x70\x61\x67\x65"
  "\x73\x7d\x20\xe4\xb8\xaa\xe5\x88\x86\xe9\xa1\xb5\xe6\xb8\x85\xe6"
  "\x8e\x89\xe8\x90\xbd\xe7\x9b\x98\xe8\xb7\xaf\xe5\xbe\x84\xef\xbc"
  "\x8c\xe9\x83\xbd\xe6\x94\xb9\xe6\x88\x90\xe3\x80\x8c\xe4\xb8\x8d"
  "\xe4\xb8\x8b\xe3\x80\x8d\xe3\x80\x82\x5c\x6e\x5c\x6e\xe7\x9b\x98"
  "\xe4\xb8\x8a\xe6\x96\x87\xe4\xbb\xb6\xe6\xb2\xa1\xe5\x8a\xa8\xe3"
  "\x80\x82\x60\x29\x3b\x0a\x20\x20\x20\x20\x61\x77\x61\x69\x74\x20"
  "\x6c\x6f\x61\x64\x52\x65\x63\x6f\x72\x64\x73\x28\x29\x3b\x0a\x20"
  "\x20\x7d\x63\x61\x74\x63\x68\x28\x65\x29\x7b\x20\x61\x6c\x65\x72"
  "\x74\x28\x27\xe8\xaf\xb7\xe6\xb1\x82\xe5\xa4\xb1\xe8\xb4\xa5\xef"
  "\xbc\x9a\x27\x20\x2b\x20\x65\x29\x3b\x20\x7d\x0a\x20\x20\x62\x2e"
  "\x74\x65\x78\x74\x43\x6f\x6e\x74\x65\x6e\x74\x20\x3d\x20\x27\xe6"
  "\xb8\x85\xe7\x90\x86\xe5\x83\xb5\xe5\xb0\xb8\xe5\xae\x8c\xe6\x88"
  "\x90\x27\x3b\x20\x62\x2e\x64\x69\x73\x61\x62\x6c\x65\x64\x20\x3d"
  "\x20\x66\x61\x6c\x73\x65\x3b\x20\x73\x79\x6e\x63\x53\x65\x6c\x28"
  "\x29\x3b\x0a\x7d\x3b\x0a\x64\x6f\x63\x75\x6d\x65\x6e\x74\x2e\x67"
  "\x65\x74\x45\x6c\x65\x6d\x65\x6e\x74\x42\x79\x49\x64\x28\x27\x62"
  "\x74\x6e\x2d\x72\x65\x6c\x65\x61\x73\x65\x27\x29\x2e\x6f\x6e\x63"
  "\x6c\x69\x63\x6b\x20\x3d\x20\x61\x73\x79\x6e\x63\x20\x28\x29\x20"
  "\x3d\x3e\x20\x7b\x0a\x20\x20\x63\x6f\x6e\x73\x74\x20\x62\x20\x3d"
  "\x20\x64\x6f\x63\x75\x6d\x65\x6e\x74\x2e\x67\x65\x74\x45\x6c\x65"
  "\x6d\x65\x6e\x74\x42\x79\x49\x64\x28\x27\x62\x74\x6e\x2d\x72\x65"
  "\x6c\x65\x61\x73\x65\x27\x29\x3b\x0a\x20\x20\x62\x2e\x64\x69\x73"
  "\x61\x62\x6c\x65\x64\x20\x3d\x20\x74\x72\x75\x65\x3b\x0a\x20\x20"
  "\x74\x72\x79\x7b\x0a\x20\x20\x20\x20\x63\x6f\x6e\x73\x74\x20\x72"
  "\x65\x73\x20\x3d\x20\x61\x77\x61\x69\x74\x20\x28\x61\x77\x61\x69"
  "\x74\x20\x66\x65\x74\x63\x68\x28\x61\x70\x69\x28\x27\x2f\x61\x70"
  "\x69\x2f\x62\x72\x61\x6b\x65\x27\x29\x2c\x20\x7b\x0a\x20\x20\x20"
  "\x20\x20\x20\x6d\x65\x74\x68\x6f\x64\x3a\x27\x50\x4f\x53\x54\x27"
  "\x2c\x20\x68\x65\x61\x64\x65\x72\x73\x3a\x7b\x27\x43\x6f\x6e\x74"
  "\x65\x6e\x74\x2d\x54\x79\x70\x65\x27\x3a\x27\x61\x70\x70\x6c\x69"
  "\x63\x61\x74\x69\x6f\x6e\x2f\x6a\x73\x6f\x6e\x27\x7d\x2c\x0a\x20"
  "\x20\x20\x20\x20\x20\x62\x6f\x64\x79\x3a\x20\x4a\x53\x4f\x4e\x2e"
  "\x73\x74\x72\x69\x6e\x67\x69\x66\x79\x28\x7b\x20\x61\x63\x74\x69"
  "\x6f\x6e\x3a\x27\x72\x65\x6c\x65\x61\x73\x65\x27\x20\x7d\x29\x0a"
  "\x20\x20\x20\x20\x7d\x29\x29\x2e\x6a\x73\x6f\x6e\x28\x29\x3b\x0a"
  "\x20\x20\x20\x20\x69\x66\x28\x21\x72\x65\x73\x2e\x6f\x6b\x29\x20"
  "\x61\x6c\x65\x72\x74\x28\x27\xe5\xa4\xb1\xe8\xb4\xa5\xef\xbc\x9a"
  "\x27\x20\x2b\x20\x28\x72\x65\x73\x2e\x65\x72\x72\x6f\x72\x20\x7c"
  "\x7c\x20\x27\x27\x29\x29\x3b\x0a\x20\x20\x20\x20\x65\x6c\x73\x65"
  "\x20\x61\x6c\x65\x72\x74\x28\x72\x65\x73\x2e\x6e\x6f\x74\x65\x20"
  "\x7c\x7c\x20\x27\xe5\xb7\xb2\xe6\x81\xa2\xe5\xa4\x8d\x27\x29\x3b"
  "\x0a\x20\x20\x20\x20\x61\x77\x61\x69\x74\x20\x6c\x6f\x61\x64\x44"
  "\x69\x73\x6b\x28\x29\x3b\x0a\x20\x20\x20\x20\x61\x77\x61\x69\x74"
  "\x20\x6c\x6f\x61\x64\x52\x65\x63\x6f\x72\x64\x73\x28\x29\x3b\x0a"
  "\x20\x20\x7d\x63\x61\x74\x63\x68\x28\x65\x29\x7b\x20\x61\x6c\x65"
  "\x72\x74\x28\x27\xe8\xaf\xb7\xe6\xb1\x82\xe5\xa4\xb1\xe8\xb4\xa5"
  "\xef\xbc\x9a\x27\x20\x2b\x20\x65\x29\x3b\x20\x7d\x0a\x20\x20\x62"
  "\x2e\x64\x69\x73\x61\x62\x6c\x65\x64\x20\x3d\x20\x66\x61\x6c\x73"
  "\x65\x3b\x0a\x7d\x3b\x0a\x0a\x6c\x6f\x61\x64\x52\x65\x63\x6f\x72"
  "\x64\x73\x28\x29\x3b\x0a\x6c\x6f\x61\x64\x46\x69\x6c\x65\x73\x28"
  "\x29\x3b\x0a\x6c\x6f\x61\x64\x44\x69\x73\x6b\x28\x29\x3b\x0a\x64"
  "\x69\x73\x6b\x54\x69\x6d\x65\x72\x20\x3d\x20\x73\x65\x74\x49\x6e"
  "\x74\x65\x72\x76\x61\x6c\x28\x6c\x6f\x61\x64\x44\x69\x73\x6b\x2c"
  "\x20\x36\x30\x30\x30\x30\x29\x3b\x0a\x3c\x2f\x73\x63\x72\x69\x70"
  "\x74\x3e\x0a\x3c\x2f\x62\x6f\x64\x79\x3e\x0a\x3c\x2f\x68\x74\x6d"
  "\x6c\x3e\x0a";
